"Date","DailyMoveCat","CloseDiffCat","ONDiffCat","SpreadCat"
2016-07-01,"Down","Down","Up","Down"
2016-06-30,"Down Large","Down Large","Down Large","Up"
2016-06-29,"Down Large","Down Large","Down Extreme","Up"
2016-06-28,"Down Large","Down Large","Down Extreme","Up"
2016-06-27,"Up Large","Up Large","Up Extreme","Up"
2016-06-24,"Up Extreme","Up Extreme","Up Extreme","Up Extreme"
2016-06-23,"Down","Down Large","Down Extreme","No Move"
2016-06-22,"Up","Up","Down","Down"
2016-06-21,"No Move","Down","Down Extreme","Down"
2016-06-20,"Down","Down","Down Extreme","Up"
2016-06-17,"Up","Up","No Move","Down"
2016-06-16,"Down","Down","Up Extreme","Up"
2016-06-15,"Up","Up","Down Extreme","Down"
2016-06-14,"Up","Up","Up Large","Down"
2016-06-13,"Up","Up","Up Extreme","No Move"
2016-06-10,"Up","Up","Up Extreme","Down"
2016-06-09,"Down","Up","Up Extreme","Down"
2016-06-08,"Down","Down","Up","Down"
2016-06-07,"No Move","Down","Down Large","Down"
2016-06-06,"Down","Down","Down Large","Down"
2016-06-03,"No Move","Up","Up Extreme","Down"
2016-06-02,"Down","Down","No Move","Down"
2016-06-01,"Down","No Move","Up Extreme","Down"
2016-05-31,"Up","Up","Down Large","No Move"
2016-05-27,"Down","Down","Up","Down"
2016-05-26,"Up","Up","Down","Down"
2016-05-25,"Down","Down","Down Extreme","Down"
2016-05-24,"Down","Down","Down Extreme","Up"
2016-05-23,"No Move","No Move","Down","Down"
2016-05-20,"Down","Down","Down","Down"
2016-05-19,"Up","Up","Up Large","Up"
2016-05-18,"Down","No Move","Up Extreme","Up"
2016-05-17,"Up","Up","Up","Up"
2016-05-16,"Down","Down","Up","Up"
2016-05-13,"Up","Up","Up","Up"
2016-05-12,"No Move","No Move","No Move","No Move"
2016-05-11,"Up","Up Large","Up","Up"
2016-05-10,"Down","Down Large","Down Large","Up"
2016-05-09,"Up","Up","Down","Down"
2016-05-06,"Down","Down","Up","No Move"
2016-05-05,"No Move","No Move","Down Large","Down"
2016-05-04,"Up","Up","Up Large","Down"
2016-05-03,"Up","Up","Up Large","Up"
2016-05-02,"Down","Down","Down","Down"
2016-04-29,"Up","Up","Up Large","No Move"
2016-04-28,"Up","Up","Up Large","Up"
2016-04-27,"Down","Down","Down","No Move"
2016-04-26,"No Move","No Move","Down","Down"
2016-04-25,"No Move","Up","Up Large","Down"
2016-04-22,"Down","Down","Down","Down"
2016-04-21,"Up","Up","Up","Down"
2016-04-20,"Down","Down","Down","Down"
2016-04-19,"Down","Down","Down","Down"
2016-04-18,"Down","Down","Up","No Move"
2016-04-15,"Up","Up","No Move","Down"
2016-04-14,"Down","Down","Down","Down"
2016-04-13,"Down","Down","Down Large","No Move"
2016-04-12,"Down","Down","Down Large","Up"
2016-04-11,"Up","Up","Down","No Move"
2016-04-08,"Down","Down","Down Large","No Move"
2016-04-07,"Up","Up","Up Extreme","Up"
2016-04-06,"Down","Down","Down","Up"
2016-04-05,"Up","Up","Up Large","Down"
2016-04-04,"Up","Up","Down","Down"
2016-04-01,"Down","Down","Up Extreme","Up"
2016-03-31,"Up","Up","No Move","Down"
2016-03-30,"Down","Down","Down Large","Down"
2016-03-29,"Down","Down","Up Extreme","Up"
2016-03-28,"No Move","Down","Down","Down"
2016-03-24,"Down","No Move","Up Large","Down"
2016-03-23,"Up","Up","Down","Down"
2016-03-22,"Up","Up","Up Large","Down"
2016-03-21,"Down","Down","Up Large","Down"
2016-03-18,"Down","Down","No Move","Down"
2016-03-17,"Down","Down","Up","Up"
2016-03-16,"Down","Down","Up","No Move"
2016-03-15,"Down","Down","Up Large","Down"
2016-03-14,"Down","Down","Up","Down"
2016-03-11,"Down","Down Large","Down Large","Up"
2016-03-10,"No Move","No Move","Down","Up"
2016-03-09,"Down","Down","Down","Down"
2016-03-08,"Up","Up","Up Extreme","Down"
2016-03-07,"Down","Down","Up Large","No Move"
2016-03-04,"Down","Down","Down","No Move"
2016-03-03,"Down","Down","Up","Down"
2016-03-02,"Down","Down","Up Large","Down"
2016-03-01,"Down Large","Down Large","Down Extreme","Up"
2016-02-29,"Up","Up","Up","Up"
2016-02-26,"Up","Up","Down Large","No Move"
2016-02-25,"Down","Down","Down Large","Up"
2016-02-24,"Down","Down","Up Large","Up Large"
2016-02-23,"Up","Up","Up","Up"
2016-02-22,"Down","Down Large","Down Extreme","Up"
2016-02-19,"Up","Up","Up","Down"
2016-02-18,"Up","Up","Down Extreme","Down"
2016-02-17,"Down Large","Down Large","Down Large","Up"
2016-02-16,"Down","Down Large","Down Extreme","Up"
2016-02-12,"Down Large","Down Large","Down Extreme","Up"
2016-02-11,"Up Large","Up Large","Up Large","Up Large"
2016-02-10,"Up","Up","Down Large","Up"
2016-02-09,"No Move","No Move","Up Large","Up"
2016-02-08,"Up","Up","Up Extreme","Up Large"
2016-02-05,"Up Large","Up","Down","Up"
2016-02-04,"Down","Down","Up","Up"
2016-02-03,"Down","Down","Down Extreme","Up Large"
2016-02-02,"Up Large","Up Large","Up Extreme","Up"
2016-02-01,"No Move","Up","Up Large","Up"
2016-01-29,"Down Large","Down Large","Down Large","Up Large"
2016-01-28,"Down","Down","Down Large","Up"
2016-01-27,"Up Large","Up Large","Down","Up Large"
2016-01-26,"Down Large","Down Large","Down","Up"
2016-01-25,"Up","Up","Up","Up"
2016-01-22,"Down","Down","Down Extreme","Up"
2016-01-21,"Down","Down","Down","Up"
2016-01-20,"Up Large","Up Large","Up Extreme","Up Extreme"
2016-01-19,"No Move","Down","Down Large","Up"
2016-01-15,"Up Large","Up Large","Up Extreme","Up Extreme"
2016-01-14,"Down Large","Down Large","Down","Up Large"
2016-01-13,"Up Large","Up Large","Down","Up Large"
2016-01-12,"Down","Down","Down Large","Up"
2016-01-11,"Down","Down","Down Large","Up"
2016-01-08,"Up","Up","Down","Up Large"
2016-01-07,"Up Large","Up Large","Up Large","Up Large"
2016-01-06,"Up Large","Up Large","Up","Up Large"
2016-01-05,"No Move","No Move","Up","No Move"
2016-01-04,"Up Large","Up Large","Up Large","Up Large"
2015-12-31,"Up","Up","Up Large","No Move"
2015-12-30,"Up","Up","Up","Down"
2015-12-29,"Down","Down","Down Large","Up"
2015-12-28,"No Move","Up","Up Large","Down"
2015-12-24,"Up","Up","Up","Down"
2015-12-23,"Down","Down","Down","Up"
2015-12-22,"Down","Down","Down","Up"
2015-12-21,"Down","Down","Down Extreme","Down"
2015-12-18,"Up Large","Up Large","Up","Up Large"
2015-12-17,"Up Large","Up Large","Down","Up"
2015-12-16,"Down Large","Down Large","Down","Up"
2015-12-15,"Down","Down","Down","Up"
2015-12-14,"Down","Down","Down Large","Up"
2015-12-11,"Up Large","Up Large","No Move","Up Large"
2015-12-10,"Down","Down","Down","Up"
2015-12-09,"Up","Up","Up","Up Large"
2015-12-08,"Up","Up","Up Extreme","Up"
2015-12-07,"Up","Up","Up","Up"
2015-12-04,"Down Large","Down Large","Down","Up Large"
2015-12-03,"Up Large","Up Large","Down Large","Up Large"
2015-12-02,"Up","Up","Up","Up"
2015-12-01,"Down","Down","No Move","No Move"
2015-11-30,"Up","Up","Up","Down"
2015-11-27,"No Move","No Move","Up","Down"
2015-11-25,"No Move","No Move","Down","Down"
2015-11-24,"Down","Down","Up Large","No Move"
2015-11-23,"Up","Up","No Move","Down"
2015-11-20,"Down","Down","No Move","Up"
2015-11-19,"No Move","No Move","Down","Down"
2015-11-18,"Down Large","Down Large","Up","Up"
2015-11-17,"No Move","No Move","Down","Down"
2015-11-16,"Down Large","Down Large","Up Large","Up"
2015-11-13,"Up","Up","Up","Up"
2015-11-12,"Up Large","Up Large","Up","Up"
2015-11-11,"Up","Up","Down Large","Down"
2015-11-10,"Down","Down","Up","Down"
2015-11-09,"Up","Up","Up","Up"
2015-11-06,"Down","Down","Up","Down"
2015-11-05,"No Move","No Move","Down","Down"
2015-11-04,"Up","Up","Down Large","Down"
2015-11-03,"Down","Down","Up","Up"
2015-11-02,"Down","Down","Down","Up"
2015-10-30,"Up","Up","Down","Down"
2015-10-29,"Up","Up","Up","Down"
2015-10-28,"Down","Down","Down","Up"
2015-10-27,"Up","Up","Up Large","Down"
2015-10-26,"Up","Up","Down","Down"
2015-10-23,"Down","Down","Down Extreme","Down"
2015-10-22,"Down Large","Down Large","Down Large","Up"
2015-10-21,"Up","Up","Down","No Move"
2015-10-20,"No Move","No Move","Up","Down"
2015-10-19,"Down","Down","Up","Down"
2015-10-16,"Down","Down","No Move","Down"
2015-10-15,"Down","Down Large","Down Large","Up"
2015-10-14,"Up","Up","Up","Up"
2015-10-13,"Up","Up","Up Large","Down"
2015-10-12,"Down","Down","Up","Down"
2015-10-09,"Down","Down","Down","Down"
2015-10-08,"Down","Down","Up","Up"
2015-10-07,"Down","Down","Down Large","Up"
2015-10-06,"Down","No Move","Up","Down"
2015-10-05,"Down Large","Down Large","Down Extreme","Up"
2015-10-02,"Down Large","Down","Up Large","Up Large"
2015-10-01,"No Move","No Move","Up","Up"
2015-09-30,"Down Large","Down Large","Down","Up"
2015-09-29,"Down","Down","No Move","No Move"
2015-09-28,"Up Large","Up Large","Up","Up"
2015-09-25,"Down","Down","Down","Up"
2015-09-24,"Up","Up","Up Extreme","Up"
2015-09-23,"Up","Up","Down","Down"
2015-09-22,"Up","Up","Up Extreme","Up"
2015-09-21,"Down","Down","Down Large","Up"
2015-09-18,"Up Large","Up Large","No Move","Up"
2015-09-17,"Up","Up","Up","Up"
2015-09-16,"Down","Down","No Move","No Move"
2015-09-15,"Down Large","Down Large","Down Large","Up"
2015-09-14,"Up","Up","Down Large","Down"
2015-09-11,"Down","Down","No Move","Up"
2015-09-10,"Down","Down","Up","Up"
2015-09-09,"Up Large","Up Large","Down Large","Up Large"
2015-09-08,"Down Large","Down Large","Down","Up Large"
2015-09-04,"Up Large","Up Large","Up","Up Large"
2015-09-03,"No Move","Down","Down Large","Up"
2015-09-02,"Down Large","Down Large","No Move","Up"
2015-09-01,"Up Extreme","Up Extreme","No Move","Up Extreme"
2015-08-31,"Up","Up","Up","Up"
2015-08-28,"No Move","No Move","Up","Down"
2015-08-27,"Down Large","Down Large","No Move","Up Large"
2015-08-26,"Down Extreme","Down Extreme","Down","Up Extreme"
2015-08-25,"Up Large","Up","Down","Up Extreme"
2015-08-24,"Up Extreme","Up Extreme","No Move","Up Extreme"
2015-08-21,"Up Extreme","Up Extreme","No Move","Up Extreme"
2015-08-20,"Up Large","Up Large","Up","Up Large"
2015-08-19,"Up","Up","Up","Up"
2015-08-18,"Up","Up","Up","Down"
2015-08-17,"Down","Down","Up","Up"
2015-08-14,"Down","Down","Down","Down"
2015-08-13,"No Move","No Move","Up","Down"
2015-08-12,"Down","No Move","Up Large","Up"
2015-08-11,"Up","Up","Up Large","Up"
2015-08-10,"Down Large","Down Large","Down","Up"
2015-08-07,"Up","Up","Up","Down"
2015-08-06,"Up","Up","Down","Up"
2015-08-05,"Up","No Move","Down","No Move"
2015-08-04,"Up","Up","Up","Down"
2015-08-03,"Up","Up","Down","Up"
2015-07-31,"Up","Up","Down","Down"
2015-07-30,"No Move","No Move","Up","Down"
2015-07-29,"Down","Down","Down","Down"
2015-07-28,"Down","Down","Down","Up"
2015-07-27,"Up","Up","Up","No Move"
2015-07-24,"Up","Up","Up","Up"
2015-07-23,"Up","Up","Down","Down"
2015-07-22,"Up","Up","Up","Down"
2015-07-21,"Up","Up","Up","Up"
2015-07-20,"Down","No Move","No Move","Down"
2015-07-17,"Up","Up","Up","Down"
2015-07-16,"Down","Down","Down Extreme","Down"
2015-07-15,"No Move","No Move","No Move","Down"
2015-07-14,"Down","Down","Up","Down"
2015-07-13,"Down","Down Large","Down Extreme","Up"
2015-07-10,"Down","Down","Down Large","Up"
2015-07-09,"Down","Down","Down Large","Up"
2015-07-08,"Up Large","Up Large","Up Large","Up"
2015-07-07,"Down","Down","Down","Up"
2015-07-06,"Up","Up","Up","No Move"
2015-07-02,"Up","Up","Down","Down"
2015-07-01,"Down","Down","Down Large","No Move"
2015-06-30,"Down","Down","Down","Down"
2015-06-29,"Up Large","Up Large","Up","Up Large"
2015-06-26,"Down","Down","Down","Down"
2015-06-25,"Up","Up","Down","Down"
2015-06-24,"Up","Up","Up","No Move"
2015-06-23,"Down","Down","Down","Down"
2015-06-22,"Down","Down","Down Large","Down"
2015-06-19,"Up","Up","No Move","Down"
2015-06-18,"Down","Down","Down","Up"
2015-06-17,"Down","Down","Down","No Move"
2015-06-16,"Down","Down","Up","Down"
2015-06-15,"Up","Up","Up","Up"
2015-06-12,"Up","Up","Up","No Move"
2015-06-11,"Down","Down","Down","Down"
2015-06-10,"Down Large","Down Large","Down","Up"
2015-06-09,"No Move","No Move","No Move","Down"
2015-06-08,"Up","Up","No Move","Down"
2015-06-05,"Up","Up","No Move","Down"
2015-06-04,"Up","Up","Up","Up"
2015-06-03,"Down","Down","Down","No Move"
2015-06-02,"Up","Up","Up","No Move"
2015-06-01,"Down","Down","Down","Down"
2015-05-29,"Up","Up","Down","No Move"
2015-05-28,"Up","Up","Up","Down"
2015-05-27,"Down","Down","Down","Down"
2015-05-26,"Up","Up","Up","Up"
2015-05-22,"Up","Up","Down","Down"
2015-05-21,"No Move","No Move","No Move","Down"
2015-05-20,"Up","Up","Down","Down"
2015-05-19,"No Move","No Move","Down","Down"
2015-05-18,"Down","Down","Up","Down"
2015-05-15,"Down","Down","No Move","Down"
2015-05-14,"Down","Down","Down","Up"
2015-05-13,"No Move","No Move","Down","Down"
2015-05-12,"Up","Up","Up","Up"
2015-05-11,"Up","Up","Up","Down"
2015-05-08,"Down Large","Down Large","Down","Up"
2015-05-07,"Down","Down","Up","No Move"
2015-05-06,"Up","Up","Down","Up"
2015-05-05,"Up","Up","Up","Up"
2015-05-04,"Down","Down","Down","Down"
2015-05-01,"Down","Down","Down Large","No Move"
2015-04-30,"Up","Up","Up","Up"
2015-04-29,"Up","Up","Up Large","Down"
2015-04-28,"Down","Down","Up","Up"
2015-04-27,"Up","Up","Down Large","Down"
2015-04-24,"Down","Down","Up","Down"
2015-04-23,"Down","Down","Up","No Move"
2015-04-22,"Down","Down","Down","No Move"
2015-04-21,"Up","Up","No Move","Up"
2015-04-20,"Down","Down","Down Large","Up"
2015-04-17,"Up Large","Up Large","Up","Up Large"
2015-04-16,"No Move","No Move","Up","Down"
2015-04-15,"Down","Down","Down","Down"
2015-04-14,"Down","Down","Down","No Move"
2015-04-13,"Up","Up","Up","Down"
2015-04-10,"Down","Down","Up","Down"
2015-04-09,"Down","Down","No Move","No Move"
2015-04-08,"Down","Down","Down","Down"
2015-04-07,"No Move","No Move","Down","Down"
2015-04-06,"Down","Down","Up","Up"
2015-04-02,"Down","Down","Down","Down"
2015-04-01,"Up","Up","Down","Up"
2015-03-31,"Up","Up","Up","Up"
2015-03-30,"Down Large","Down Large","Down Large","Up"
2015-03-27,"Down","Down","Up","Down"
2015-03-26,"Up","Up","Up","Up"
2015-03-25,"Up Large","Up Large","Down","Up"
2015-03-24,"Up","Up","Up","Down"
2015-03-23,"Up","No Move","Down","Down"
2015-03-20,"Down","Down","Down","Up"
2015-03-19,"Up","Up","Up","Down"
2015-03-18,"Down Large","Down Large","Up","Up Large"
2015-03-17,"Up","Up","Up","Up"
2015-03-16,"Down Large","Down Large","Down","Up"
2015-03-13,"Up","Up","Up","Up"
2015-03-12,"Down Large","Down Large","Up","Up"
2015-03-11,"Up","Up","No Move","Down"
2015-03-10,"Up Large","Up Large","Up","Up"
2015-03-09,"Down","Down","No Move","No Move"
2015-03-06,"Up Large","Up Large","No Move","Up"
2015-03-05,"Down","Down","No Move","Down"
2015-03-04,"Up","Up","No Move","No Move"
2015-03-03,"Up","Up","Up","Down"
2015-03-02,"Down","Down","Down","No Move"
2015-02-27,"Up","Up","Up","Down"
2015-02-26,"No Move","No Move","No Move","Down"
2015-02-25,"Down","Down","No Move","Down"
2015-02-24,"Down","Down","Up","Down"
2015-02-23,"Up","Up","No Move","Down"
2015-02-20,"Down","Down","No Move","Up"
2015-02-19,"Up","Up","Up","Down"
2015-02-18,"Up","Up","Up","Down"
2015-02-17,"Down","Down","No Move","Down"
2015-02-13,"Down","Down","Up","Down"
2015-02-12,"Down","Down","No Move","Down"
2015-02-11,"No Move","No Move","Up","Down"
2015-02-10,"Down","Down","Down","No Move"
2015-02-09,"Up","Up","Up","Down"
2015-02-06,"Up","Up","Up","Up"
2015-02-05,"Down","Down","Down","Up"
2015-02-04,"No Move","No Move","Up","No Move"
2015-02-03,"Down Large","Down Large","Down","Up"
2015-02-02,"Down","Down","Down","Up"
2015-01-30,"Up Large","Up Large","No Move","Up"
2015-01-29,"Down Large","Down Large","Down","Up"
2015-01-28,"Up","Up","Down Large","Up"
2015-01-27,"Up Large","Up Large","Up Extreme","Up Large"
2015-01-26,"No Move","No Move","Up","Down"
2015-01-23,"Up","Up","Up","Down"
2015-01-22,"Down Large","Down Large","Down","Up Large"
2015-01-21,"Down","Down","Up","Up"
2015-01-20,"No Move","No Move","Down","Up"
2015-01-16,"Down","Down","No Move","Up"
2015-01-15,"Up","Up","Down","Up"
2015-01-14,"Up","Up","Up","Up Large"
2015-01-13,"Up","Up","Down","Up Large"
2015-01-12,"Up","Up","Down","Up"
2015-01-09,"Up","Up","Down","Up"
2015-01-08,"Down Large","Down Large","Down","Up"
2015-01-07,"Down","Down","Down","Up"
2015-01-06,"Up","Up","Down","Up"
2015-01-05,"Up Large","Up Large","Up Large","Up Large"
2015-01-02,"No Move","No Move","No Move","Up"
2014-12-31,"Up","Up","Down","Up"
2014-12-30,"Up","Up","Up","Down"
2014-12-29,"No Move","Up","Up","Down"
2014-12-26,"Down","Down","Down","Down"
2014-12-24,"No Move","No Move","Down Large","Down"
2014-12-23,"Down","Down","Down Large","Down"
2014-12-22,"Down","Down","Down","Down"
2014-12-19,"Down","Down","No Move","Down"
2014-12-18,"Down Large","Down Large","Down","Up Large"
2014-12-17,"Down Large","Down Large","No Move","Up"
2014-12-16,"Up","Up","Up","Up Large"
2014-12-15,"Up","Up","Down","Up"
2014-12-12,"Up Large","Up Large","Up","Up"
2014-12-11,"Down","Down","Down","Up"
2014-12-10,"Up Large","Up Large","Up","Up"
2014-12-09,"Up","Up","Up","Up"
2014-12-08,"Up","Up","Up","Down"
2014-12-05,"Down","Down","Down","Down"
2014-12-04,"No Move","No Move","Up","Down"
2014-12-03,"Down","Down","Down","Down"
2014-12-02,"Down","Down","Down","Down"
2014-12-01,"Up","Up","Up","Down"
2014-11-28,"No Move","No Move","Down","Down"
2014-11-26,"Down","No Move","Up","Down"
2014-11-25,"No Move","No Move","Down","Down"
2014-11-24,"No Move","No Move","Down","Down"
2014-11-21,"Down","Down","Down","No Move"
2014-11-20,"Down","Down","Up","Down"
2014-11-19,"No Move","No Move","Up","Down"
2014-11-18,"Down","Down","Up","Down"
2014-11-17,"Down","No Move","Up","Down"
2014-11-14,"Up","Up","No Move","Down"
2014-11-13,"Down","Down","Down","Down"
2014-11-12,"No Move","No Move","Up","Down"
2014-11-11,"No Move","No Move","Down","Down"
2014-11-10,"Down","Down","Up","Down"
2014-11-07,"Down","Down","Down","Down"
2014-11-06,"Down","Down","Down","Down"
2014-11-05,"Down","Down","Down","Down"
2014-11-04,"Down","Down","Down","Down"
2014-11-03,"Up","Up","No Move","Down"
2014-10-31,"Down","Down","Down Large","Up"
2014-10-30,"Down Large","Down Large","Up","Up"
2014-10-29,"Up","Up","No Move","No Move"
2014-10-28,"Down","Down","Down","Up"
2014-10-27,"Down","No Move","Up","Down"
2014-10-24,"Down","Down","Up","No Move"
2014-10-23,"Down","Down Large","Down","Up"
2014-10-22,"Up","Up","No Move","Up"
2014-10-21,"Down","Down Large","Down","Up"
2014-10-20,"Down","Down","Up","Down"
2014-10-17,"Down Large","Down Large","Down","Up"
2014-10-16,"Up","Up","Up","Up"
2014-10-15,"Up","Up","Up","Up Large"
2014-10-14,"No Move","No Move","Down","Up"
2014-10-13,"Up Large","Up Large","Up","Up"
2014-10-10,"Up","Up","Up","Up"
2014-10-09,"Up Large","Up Large","Up","Up Large"
2014-10-08,"Down Large","Down Large","Up","Up Large"
2014-10-07,"Up Large","Up Large","Up","Up"
2014-10-06,"Up","Up","No Move","No Move"
2014-10-03,"Down","Down","Down","Up"
2014-10-02,"No Move","No Move","Down","Up"
2014-10-01,"Up Large","Up Large","Up","Up"
2014-09-30,"Up","Up","Up","Down"
2014-09-29,"Up","Up","Up","No Move"
2014-09-26,"Down","Down","Down","Up"
2014-09-25,"Up Large","Up Large","Up","Up"
2014-09-24,"Down","Down","Down","Up"
2014-09-23,"Up","Up","Up","Down"
2014-09-22,"Up","Up","Up","Down"
2014-09-19,"No Move","No Move","Down","Down"
2014-09-18,"Down","Down","Down","Down"
2014-09-17,"Down","Down","Up","Down"
2014-09-16,"Down","Down","Up","Up"
2014-09-15,"Down","Down","Down","Down"
2014-09-12,"Up","Up","Up","Down"
2014-09-11,"No Move","Up","Up Large","Down"
2014-09-10,"Down","Down","Down","Down"
2014-09-09,"Up","Up","Up","Down"
2014-09-08,"Up","Up","Up","Down"
2014-09-05,"Down","Down","Up","Down"
2014-09-04,"No Move","No Move","Down","Down"
2014-09-03,"No Move","No Move","No Move","Down"
2014-09-02,"Up","Up","Up","Down"
2014-08-29,"Down","Down","Down","Down"
2014-08-28,"Up","Up","Up","Down"
2014-08-27,"No Move","Down","Down","Down"
2014-08-26,"Down","Down","Down","Down"
2014-08-25,"Down","Down","Down","Down"
2014-08-22,"Up","Up","Up","Down"
2014-08-21,"Down","Down","Down","Down"
2014-08-20,"Down","Down","Up","Down"
2014-08-19,"Down","Down","No Move","Down"
2014-08-18,"Down","Down","Down","No Move"
2014-08-15,"Up","Up","Down","Up"
2014-08-14,"Down","Down","Down","Down"
2014-08-13,"Down","Down","Down","Down"
2014-08-12,"No Move","No Move","Up","Down"
2014-08-11,"No Move","Down","Down","Down"
2014-08-08,"Down","Down","Down","Up"
2014-08-07,"Up","Up","Down","No Move"
2014-08-06,"Down","No Move","Up","Down"
2014-08-05,"Up","Up","Up","Up"
2014-08-04,"Down","Down","No Move","Down"
2014-08-01,"Up","Up","Up","Down"
2014-07-31,"Up Large","Up Large","Up","Up"
2014-07-30,"Up","Up","Down","No Move"
2014-07-29,"Up","Up","Down","Down"
2014-07-28,"Down","Down","Up","Down"
2014-07-25,"Up","Up","Up","No Move"
2014-07-24,"No Move","No Move","Down","Down"
2014-07-23,"Up","Up","Down","Down"
2014-07-22,"Down","Down","Down","Down"
2014-07-21,"Up","Up","Up","Down"
2014-07-18,"Down","Down","Down","Down"
2014-07-17,"Up","Up","Up","Up"
2014-07-16,"Down","Down","Down","Down"
2014-07-15,"No Move","No Move","No Move","Down"
2014-07-14,"Down","Down","Down","Down"
2014-07-11,"Down","Down","Down","Down"
2014-07-10,"Up","Up","Up","No Move"
2014-07-09,"Down","Down","Down","Down"
2014-07-08,"Up","Up","Up","Down"
2014-07-07,"Up","Up","Up","Down"
2014-07-03,"Down","Down","Down","Down"
2014-07-02,"Down","Down","Up","Down"
2014-07-01,"Down","Down","Down","No Move"
2014-06-30,"Up","Up","No Move","Down"
2014-06-27,"No Move","No Move","Down","Down"
2014-06-26,"Up","Up","No Move","Down"
2014-06-25,"Down","Down","No Move","Down"
2014-06-24,"Up","Up","Up","No Move"
2014-06-23,"No Move","No Move","No Move","Down"
2014-06-20,"Down","Down","Up","Down"
2014-06-19,"No Move","Down","Down","Down"
2014-06-18,"Down","Down","Up","Down"
2014-06-17,"Down","Down","Up","Down"
2014-06-16,"Down","No Move","Up","Down"
2014-06-13,"Down","Down","No Move","Down"
2014-06-12,"Up","Up","Up","Down"
2014-06-11,"Up","Up","Up","Down"
2014-06-10,"No Move","No Move","Up","Down"
2014-06-09,"Down","Down","Down","Down"
2014-06-06,"Down","Down","Down","Down"
2014-06-05,"Down","Down","Down","Down"
2014-06-04,"Down","Down","Up","Down"
2014-06-03,"Up","Up","Up","Down"
2014-06-02,"Down","Down","No Move","Down"
2014-05-30,"Down","Down","Up","Down"
2014-05-29,"Down","Down","Down","Down"
2014-05-28,"Up","Up","No Move","Down"
2014-05-27,"Down","Down","Down","Down"
2014-05-23,"Down","Down","Down","Down"
2014-05-22,"No Move","No Move","No Move","Down"
2014-05-21,"Down","Down","Down","No Move"
2014-05-20,"Up","Up","No Move","No Move"
2014-05-19,"Down","Down","Up","Down"
2014-05-16,"Down","Down","No Move","Down"
2014-05-15,"Up","Up","No Move","Up"
2014-05-14,"Up","Up","No Move","Down"
2014-05-13,"Down","Down","No Move","Down"
2014-05-12,"Down","Down","Down","Down"
2014-05-09,"Down","Down","No Move","Down"
2014-05-08,"Down","Down","No Move","Down"
2014-05-07,"Down","Down","No Move","No Move"
2014-05-06,"Up","Up","No Move","Down"
2014-05-05,"Down","Down","Up","No Move"
2014-05-02,"Up","Up","Down","Down"
2014-05-01,"Up","Up","No Move","Down"
2014-04-30,"Down","Down","No Move","Down"
2014-04-29,"Down","Down","Down","Down"
2014-04-28,"Down","Down","Down","Up"
2014-04-25,"Up","Up","Down","No Move"
2014-04-24,"No Move","No Move","Down","Down"
2014-04-23,"No Move","No Move","No Move","Down"
2014-04-22,"Down","Down","No Move","Down"
2014-04-21,"Down","Down","No Move","Down"
2014-04-17,"Up","Up","No Move","Down"
2014-04-16,"Down","Down","Down","No Move"
2014-04-15,"Down","Down","No Move","Up"
2014-04-14,"Down","Down","Down","Down"
2014-04-11,"Up","Up","Up","Down"
2014-04-10,"Up Large","Up Large","No Move","Up"
2014-04-09,"Down","Down","No Move","Up"
2014-04-08,"No Move","No Move","No Move","Down"
2014-04-07,"Up","Up","Down","No Move"
2014-04-04,"Up","Up","Down","Up"
2014-04-03,"No Move","No Move","No Move","Down"
2014-04-02,"Down","Down","No Move","Down"
2014-04-01,"Down","Down","No Move","Down"
2014-03-31,"Down","Down","Down","Down"
2014-03-28,"Down","Down","Down","Down"
2014-03-27,"No Move","No Move","No Move","Down"
2014-03-26,"Up","Up","Down","Up"
2014-03-25,"Down","Down","Down","Down"
2014-03-24,"Up","Up","No Move","No Move"
2014-03-21,"Up","Up","Down","No Move"
2014-03-20,"Down","Down","No Move","Up"
2014-03-19,"Up","Up","No Move","Up"
2014-03-18,"Down","Down","Up","Down"
2014-03-17,"Down","Down","No Move","Up"
2014-03-14,"Up","Up","Up","Down"
2014-03-13,"Up Large","Up Large","Down","Up"
2014-03-12,"No Move","No Move","No Move","Down"
2014-03-11,"Up","Up","No Move","Down"
2014-03-10,"Up","Up","No Move","Down"
2014-03-07,"Down","Down","Down","Down"
2014-03-06,"Down","Down","No Move","Down"
2014-03-05,"Up","Up","No Move","Down"
2014-03-04,"Down Large","Down Large","Down","Up"
2014-03-03,"Up","Up","No Move","Up"
2014-02-28,"Down","Down","No Move","No Move"
2014-02-27,"Down","Down","No Move","Down"
2014-02-26,"Down","Down","No Move","Down"
2014-02-25,"Up","Up","No Move","Down"
2014-02-24,"Down","Down","Up","Up"
2014-02-21,"Up","Up","Down","Down"
2014-02-20,"Down","Down","Down","Down"
2014-02-19,"Up","Up","Up","Up"
2014-02-18,"Up","Up","No Move","Down"
2014-02-14,"Down","Down","Up","Up"
2014-02-13,"Down","Down","Up Large","No Move"
2014-02-12,"Up","Up","Up","Down"
2014-02-11,"Down","Down","Down","Up"
2014-02-10,"No Move","No Move","No Move","Down"
2014-02-07,"Down","Down","Down","No Move"
2014-02-06,"Down","Down","Down","Up"
2014-02-05,"No Move","No Move","Up","Down"
2014-02-04,"Down","Down","No Move","Down"
2014-02-03,"Up Large","Up Large","Up","Up Large"
2014-01-31,"Up","Up","Up","Up"
2014-01-30,"Down","Down","Down","No Move"
2014-01-29,"Up","Up","Up","Up"
2014-01-28,"Down","Down","Down","Down"
2014-01-27,"Up","Up","No Move","No Move"
2014-01-24,"Up Large","Up Large","Down","Up"
2014-01-23,"Up","Up","Up","Up"
2014-01-22,"Up","Up","Down","Down"
2014-01-21,"Up","Up","No Move","Up"
2014-01-17,"Down","Down","Up","Down"
2014-01-16,"Up","Up","Up","Down"
2014-01-15,"Down","Down","Down","Down"
2014-01-14,"Down","Down","Down","Down"
2014-01-13,"Up","Up","Up","Up"
2014-01-10,"Up","No Move","Down","Down"
2014-01-09,"Up","Up","Down","Down"
2014-01-08,"Up","Up","Up","Down"
2014-01-07,"Down","Down","Down","Down"
2014-01-06,"Up","Up","Down","Down"
2014-01-03,"No Move","Down","Down Large","Down"
2014-01-02,"Up","Up","Up","Down"
2013-12-31,"Down","Down","Down","Down"
2013-12-30,"Down","Down","Down","Down"
2013-12-27,"No Move","No Move","Down","Down"
2013-12-26,"Down","Down","Down Large","Down"
2013-12-24,"Down","Down","Down","Down"
2013-12-23,"Down","Down","Down","Down"
2013-12-20,"Down","Down","No Move","Down"
2013-12-19,"Down","No Move","Up","Down"
2013-12-18,"Down Large","Down Large","Down","Up Large"
2013-12-17,"No Move","No Move","No Move","Down"
2013-12-16,"Down","Down","Down","No Move"
2013-12-13,"No Move","Down","Down","Down"
2013-12-12,"Up","Up","Down","Down"
2013-12-11,"Up","Up","Up","No Move"
2013-12-10,"Up","Up","Up","Down"
2013-12-09,"No Move","No Move","No Move","Down"
2013-12-06,"Down","Down","Down","Up"
2013-12-05,"Up","Up","Up","Down"
2013-12-04,"Up","Up","Up","No Move"
2013-12-03,"Up","Up","Up","Down"
2013-12-02,"Up","Up","No Move","Down"
2013-11-29,"Up","No Move","Down","Down"
2013-11-27,"Down","Down","No Move","Down"
2013-11-26,"No Move","No Move","Up","Down"
2013-11-25,"No Move","No Move","Down","Down"
2013-11-22,"Down","Down","Up","Down"
2013-11-21,"Down","Down","Down","Down"
2013-11-20,"Up","Up","Down","Down"
2013-11-19,"No Move","No Move","Up","Down"
2013-11-18,"No Move","No Move","Down","Down"
2013-11-15,"Down","Down","No Move","Down"
2013-11-14,"Down","Down","Up Large","Down"
2013-11-13,"Down","Down","Up Large","Down"
2013-11-12,"Up","Up","Up","Down"
2013-11-11,"Down","Down","Up","Down"
2013-11-08,"Down","Down","Up","Up"
2013-11-07,"Up","Up","Down","Up"
2013-11-06,"Down","Down","Down","Down"
2013-11-05,"No Move","Up","Up","Down"
2013-11-04,"Down","Down","Down","Down"
2013-11-01,"Down","Down","Down Large","Down"
2013-10-31,"Up","Up","Down","Down"
2013-10-30,"Up","Up","No Move","Down"
2013-10-29,"Down","Down","Down","Down"
2013-10-28,"No Move","No Move","Up","Down"
2013-10-25,"Down","Down","Down Large","Down"
2013-10-24,"Down","Down","Down","Down"
2013-10-23,"Up","Up","Up","Down"
2013-10-22,"Down","Down","Down","Down"
2013-10-21,"No Move","No Move","Down","Down"
2013-10-18,"Down","Down","No Move","Down"
2013-10-17,"No Move","No Move","Up","Down"
2013-10-16,"Down","Down","Down","Up"
2013-10-15,"Up","Up","Up","Down"
2013-10-14,"Down","Down","Up","No Move"
2013-10-11,"Down","Down","No Move","Down"
2013-10-10,"Down Large","Down Large","Down","Up"
2013-10-09,"Down","Down","Down","Down"
2013-10-08,"Up","Up","Down","No Move"
2013-10-07,"Up","Up","Up","Down"
2013-10-04,"Down","Down","Up","Down"
2013-10-03,"Up","Up","Up","Up"
2013-10-02,"Up","Up","Up","Down"
2013-10-01,"Down","Down","Down","Down"
2013-09-30,"Up","Up","Up","No Move"
2013-09-27,"Up","Up","Up","Down"
2013-09-26,"Down","Down","Down","Down"
2013-09-25,"Up","Up","Down","Down"
2013-09-24,"Up","Up","Down","Down"
2013-09-23,"Up","Up","Down","Down"
2013-09-20,"Up","Up","Up","Up"
2013-09-19,"Up","Up","Down","Down"
2013-09-18,"Down","Down","Down","Up"
2013-09-17,"Down","Down","Down","Down"
2013-09-16,"Down","Down","Down","No Move"
2013-09-13,"Down","Down","Down Large","Down"
2013-09-12,"Up","Up","No Move","Down"
2013-09-11,"Down","Down","Down","Down"
2013-09-10,"Down","Down","Down","Down"
2013-09-09,"Down","Down","Down","No Move"
2013-09-06,"Up","Up","Down","Up"
2013-09-05,"No Move","No Move","Up","Down"
2013-09-04,"Down","Down","Up","No Move"
2013-09-03,"Down","Down","Up","Down"
2013-08-30,"Up","Up","Down","Down"
2013-08-29,"Down","Down","Up","Down"
2013-08-28,"Down","Down","Up","Down"
2013-08-27,"Up","Up","Up","No Move"
2013-08-26,"Up","Up","Down","Down"
2013-08-23,"Down","Down","Down Extreme","Down"
2013-08-22,"Down","Down","Down","Down"
2013-08-21,"Up","Up","Up","Down"
2013-08-20,"No Move","No Move","Down","Down"
2013-08-19,"Up","Up","Up","Down"
2013-08-16,"Up","Up","No Move","Down"
2013-08-15,"Up Large","Up Large","Up","Up"
2013-08-14,"Up","Up","Up","Down"
2013-08-13,"Down","Down","Down","No Move"
2013-08-12,"No Move","No Move","Up","Down"
2013-08-09,"Up","Up","Up","No Move"
2013-08-08,"Down","Down","Down","Down"
2013-08-07,"Up","Up","Up","Down"
2013-08-06,"Up","Up","Up","Down"
2013-08-05,"Up","Up","Up","Down"
2013-08-02,"Down","Down","No Move","Down"
2013-08-01,"Down","Down","Down","Down"
2013-07-31,"Up","Up","Down","Down"
2013-07-30,"No Move","No Move","Down Large","Down"
2013-07-29,"Up","Up","Up","Down"
2013-07-26,"No Move","No Move","Up","Down"
2013-07-25,"Down","No Move","Up","Down"
2013-07-24,"Up","Up","Down","Down"
2013-07-23,"Down","Down","Down","Down"
2013-07-22,"No Move","No Move","No Move","Down"
2013-07-19,"Down","No Move","Up Extreme","Down"
2013-07-18,"Down","Down","Up","Down"
2013-07-17,"No Move","Down","Down","Down"
2013-07-16,"Up","Up","Down","Down"
2013-07-15,"Down","Down","Up","Down"
2013-07-12,"No Move","No Move","No Move","Down"
2013-07-11,"Down","Down","Down","Up"
2013-07-10,"No Move","No Move","Up","Down"
2013-07-09,"Down","Down","Down","Down"
2013-07-08,"Down","Down","Down","Down"
2013-07-05,"Down","Down","Down","No Move"
2013-07-03,"Down","Down","Up","No Move"
2013-07-02,"Up","Up","No Move","No Move"
2013-07-01,"Down","Down","Down","No Move"
2013-06-28,"Up","Up","Up","Down"
2013-06-27,"Down","Down","Down Large","Down"
2013-06-26,"Down","Down","Down","No Move"
2013-06-25,"Down","Down","Down","Down"
2013-06-24,"Up","Up","Up","Up"
2013-06-21,"Down","Down","Down","No Move"
2013-06-20,"Up Large","Up Large","Up","Up Large"
2013-06-19,"Up","Up","Up","Up"
2013-06-18,"Down","Down","Down","Down"
2013-06-17,"Down","Down","Down","Up"
2013-06-14,"Up","Up","Down","No Move"
2013-06-13,"Down","Down","Up","Up"
2013-06-12,"Up","Up","Down","Up"
2013-06-11,"Up","Up","Up","No Move"
2013-06-10,"No Move","No Move","No Move","Down"
2013-06-07,"Down","Down","Down","Up"
2013-06-06,"Down","Down","Up","Up"
2013-06-05,"Up","Up Large","Up","Up"
2013-06-04,"Up","Up","Down","Up"
2013-06-03,"Down","Down","Down","Down"
2013-05-31,"Up","Up","Up","Up"
2013-05-30,"Down","Down","Down","Down"
2013-05-29,"Up","Up","Up","No Move"
2013-05-28,"Down","Down","Down","Up"
2013-05-24,"No Move","No Move","Up","Down"
2013-05-23,"No Move","No Move","Up","No Move"
2013-05-22,"Up","Up","No Move","Up"
2013-05-21,"Down","Down","No Move","Down"
2013-05-20,"No Move","Up","Up","Down"
2013-05-17,"Down","Down","Down","Down"
2013-05-16,"Up","Up","Up","Down"
2013-05-15,"Down","Down","Up","Down"
2013-05-14,"Down","Down","No Move","Down"
2013-05-13,"Up","Up","Up","Down"
2013-05-10,"Down","Down","No Move","Down"
2013-05-09,"Up","Up","No Move","Down"
2013-05-08,"Down","Down","No Move","Down"
2013-05-07,"Down","Down","No Move","Down"
2013-05-06,"No Move","No Move","No Move","Down"
2013-05-03,"Down","Down","No Move","No Move"
2013-05-02,"Down","Down","No Move","Down"
2013-05-01,"Up","Up","No Move","Down"
2013-04-30,"Down","Down","No Move","Down"
2013-04-29,"Down","Down","No Move","Down"
2013-04-26,"No Move","No Move","No Move","Down"
2013-04-25,"Down","Down","No Move","Down"
2013-04-24,"Up","Up","No Move","Down"
2013-04-23,"Down","Down","No Move","No Move"
2013-04-22,"Down","Down","No Move","Down"
2013-04-19,"No Move","No Move","No Move","Down"
2013-04-18,"Up","Up","No Move","Down"
2013-04-17,"Up","Up","No Move","Up"
2013-04-16,"Down","Down","No Move","No Move"
2013-04-15,"Up Large","Up Large","No Move","Up"
2013-04-12,"No Move","No Move","No Move","Down"
2013-04-11,"Down","Down","No Move","Down"
2013-04-10,"Down","Down","No Move","Down"
2013-04-09,"Down","Down","No Move","Down"
2013-04-08,"Down","Down","No Move","Down"
2013-04-05,"Up","Up","No Move","No Move"
2013-04-04,"Down","Down","No Move","Down"
2013-04-03,"Up","Up","No Move","No Move"
2013-04-02,"Down","Down","No Move","Down"
2013-04-01,"No Move","No Move","No Move","Down"
2013-03-28,"Down","Down","No Move","Down"
2013-03-27,"Up","Up","No Move","Down"
2013-03-26,"Down","Down","No Move","Down"
2013-03-25,"Up","Up","No Move","No Move"
2013-03-22,"Down","Down","No Move","Down"
2013-03-21,"Up","Up","No Move","Down"
2013-03-20,"Down","Down","No Move","Down"
2013-03-19,"No Move","No Move","No Move","Down"
2013-03-18,"Up","Up","No Move","Down"
2013-03-15,"Up","Up","No Move","Down"
2013-03-14,"Down","Down","No Move","Down"
2013-03-13,"No Move","No Move","No Move","Down"
2013-03-12,"No Move","No Move","No Move","Down"
2013-03-11,"Down","Down","No Move","Down"
2013-03-08,"Down","Down","No Move","Down"
2013-03-07,"Down","Down","No Move","Down"
2013-03-06,"Down","Down","No Move","Down"
2013-03-05,"Down","Down","No Move","No Move"
2013-03-04,"Down","Down","No Move","Down"
2013-03-01,"Down","Down","No Move","No Move"
2013-02-28,"Up","Up","No Move","Down"
2013-02-27,"Down","Down","No Move","Up"
2013-02-26,"Down","Down","No Move","Down"
2013-02-25,"Up Large","Up Large","No Move","Up"
2013-02-22,"Down","Down","No Move","Down"
2013-02-21,"Up","Up","No Move","Down"
2013-02-20,"Up","Up","No Move","Down"
2013-02-19,"Down","Down","No Move","Down"
2013-02-15,"No Move","No Move","No Move","Down"
2013-02-14,"No Move","No Move","No Move","Down"
2013-02-13,"Up","Up","No Move","Down"
2013-02-12,"Down","Down","No Move","Down"
2013-02-11,"Up","Up","No Move","Down"
2013-02-08,"Down","Down","No Move","Down"
2013-02-07,"Up","Up","No Move","Down"
2013-02-06,"No Move","No Move","No Move","Down"
2013-02-05,"Down","Down","No Move","Down"
2013-02-04,"Up","Up","No Move","Down"
2013-02-01,"Down","Down","No Move","No Move"
2013-01-31,"Up","Up","No Move","Down"
2013-01-30,"Up","Up","No Move","Down"
2013-01-29,"Down","Down","No Move","Down"
2013-01-28,"No Move","No Move","No Move","Down"
2013-01-25,"Down","Down","No Move","Down"
2013-01-24,"Down","Down","No Move","Down"
2013-01-23,"Down","Down","No Move","Down"
2013-01-22,"Down","Down","No Move","Down"
2013-01-18,"Down","Down","No Move","Down"
2013-01-17,"Down","Down","No Move","Down"
2013-01-16,"Up","Up","No Move","Down"
2013-01-15,"Down","Down","No Move","Down"
2013-01-14,"Down","Down","No Move","Down"
2013-01-11,"Down","Down","No Move","Down"
2013-01-10,"Down","Down","Down","Down"
2013-01-09,"Down","Down","Down","Down"
2013-01-08,"Up","Up","Up","Down"
2013-01-07,"Up","Up","Down","Down"
2013-01-04,"Down","Down","No Move","Down"
2013-01-03,"Up","Up","No Move","Down"
2013-01-02,"Down Large","Down Large","No Move","Up"
2012-12-31,"Down","Down","No Move","Up"
2012-12-28,"Up","Up","Up","No Move"
2012-12-27,"Up","Up","No Move","No Move"
2012-12-26,"Up","Up","No Move","Down"
2012-12-24,"Up","Up","No Move","Down"
2012-12-21,"Up","Up","Up","Up"
2012-12-20,"Down","Down","Up","Down"
2012-12-19,"Up","Up","No Move","Down"
2012-12-18,"Down","Down","Down","Down"
2012-12-17,"Down","Down","No Move","Down"
2012-12-14,"Up","Up","No Move","Down"
2012-12-13,"Up","Up","Up","Down"
2012-12-12,"No Move","No Move","Down","Down"
2012-12-11,"Down","Down","No Move","Down"
2012-12-10,"Down","Down","No Move","Down"
2012-12-07,"Down","Down","Up","Down"
2012-12-06,"Down","Down","Up","Down"
2012-12-05,"Down","Down","Up","No Move"
2012-12-04,"Up","No Move","Down","Down"
2012-12-03,"Up","Up","Down","Down"
2012-11-30,"No Move","No Move","No Move","Down"
2012-11-29,"Down","Down","Up","Down"
2012-11-28,"Down","Down","Up","Up"
2012-11-27,"Up","Up","Up","Down"
2012-11-26,"Up","Up","Up","Down"
2012-11-23,"Down","Down","Up","No Move"
2012-11-21,"Down","Down","No Move","Down"
2012-11-20,"No Move","No Move","Up","Down"
2012-11-19,"Down","Down","Down","Up"
2012-11-16,"Down","Down","No Move","Down"
2012-11-15,"Up","Up","No Move","Down"
2012-11-14,"Up","Up","Up","Up"
2012-11-13,"Up","Up","Up","Down"
2012-11-12,"No Move","No Move","No Move","Down"
2012-11-09,"No Move","No Move","No Move","Down"
2012-11-08,"Up","Up","No Move","No Move"
2012-11-07,"Up Large","Up Large","Up Large","Up Large"
2012-11-06,"Down","Down","No Move","No Move"
2012-11-05,"Down","Down","Up","Down"
2012-11-02,"Up","Up","No Move","Up"
2012-11-01,"Down","Down","Down","No Move"
2012-10-31,"No Move","No Move","No Move","Down"
2012-10-26,"No Move","No Move","No Move","Down"
2012-10-25,"Down","Down","Down","Up"
2012-10-24,"Up","Up","Down","Down"
2012-10-23,"Up Large","Up Large","Up","Up"
2012-10-22,"No Move","No Move","Down","Down"
2012-10-19,"Up","Up","Up","Up"
2012-10-18,"No Move","No Move","Up","Down"
2012-10-17,"Down","No Move","Up Large","Down"
2012-10-16,"Down","Down","No Move","Down"
2012-10-15,"Down","Down","No Move","Down"
2012-10-12,"No Move","No Move","Up","Down"
2012-10-11,"Up","Up","Down","Down"
2012-10-10,"Up","Up","No Move","Down"
2012-10-09,"Up","Up","Up","Down"
2012-10-08,"No Move","Up","Up Large","Down"
2012-10-05,"Down","Down","Up","Down"
2012-10-04,"Down","Down","No Move","Down"
2012-10-03,"Down","No Move","Up","Down"
2012-10-02,"Up","Up","No Move","Down"
2012-10-01,"Down","Down","No Move","No Move"
2012-09-28,"Up","Up","No Move","Down"
2012-09-27,"Down","Down","No Move","Down"
2012-09-26,"Up","Up","Down","Down"
2012-09-25,"Up","Up","Down","No Move"
2012-09-24,"Up","Up","Up","Down"
2012-09-21,"Up","Up","No Move","Down"
2012-09-20,"Down","Down","Up","Down"
2012-09-19,"No Move","No Move","Down","Down"
2012-09-18,"No Move","No Move","Up","Down"
2012-09-17,"Up","Up","Up","Down"
2012-09-14,"Down","Down","No Move","Down"
2012-09-13,"Down","Down","Up","Up"
2012-09-12,"No Move","No Move","Up","Down"
2012-09-11,"Down","Down","No Move","Down"
2012-09-10,"Up","Up","Down","Down"
2012-09-07,"Down","Down","Up","Down"
2012-09-06,"Down Large","Down Large","Up","Up"
2012-09-05,"No Move","No Move","No Move","Down"
2012-09-04,"Up","Up","Down","Down"
2012-08-31,"Down","Down","Down","Down"
2012-08-30,"Up","Up","Up","Down"
2012-08-29,"No Move","No Move","No Move","Down"
2012-08-28,"Up","Up","Up","Down"
2012-08-27,"Up","Up","No Move","Down"
2012-08-24,"Down","Down","Up","Down"
2012-08-23,"Up","Up","Up","Down"
2012-08-22,"Up","Up","Up","Down"
2012-08-21,"Up","Up","No Move","Down"
2012-08-20,"No Move","No Move","No Move","Down"
2012-08-17,"Down","Down","Down","Down"
2012-08-16,"Down","Down","Up","Down"
2012-08-15,"No Move","No Move","Up Large","Down"
2012-08-14,"No Move","No Move","Up","Down"
2012-08-13,"Up","Up","Up","Down"
2012-08-10,"Down","Down","Up","Down"
2012-08-09,"No Move","No Move","Up","Down"
2012-08-08,"Down","No Move","Up","Down"
2012-08-07,"Down","Down","Down","Down"
2012-08-06,"Down","Down","Down","Down"
2012-08-03,"Down","Down Large","Down","Up"
2012-08-02,"Up","Up","Up","Up"
2012-08-01,"Up","Up","Up","Down"
2012-07-31,"Up","Up","Up","Down"
2012-07-30,"No Move","No Move","No Move","Down"
2012-07-27,"Down","Down","Down","Up"
2012-07-26,"Down","Down","Down","Up"
2012-07-25,"Down","Down","No Move","Down"
2012-07-24,"Up","Up","No Move","Up"
2012-07-23,"Up","Up","Up","Up"
2012-07-20,"Up","Up","No Move","Down"
2012-07-19,"Down","Down","Down","Down"
2012-07-18,"Down","Down","Up","No Move"
2012-07-17,"Down","Down","Down","Up"
2012-07-16,"Up","Up","Up","Down"
2012-07-13,"Down","Down","No Move","Up"
2012-07-12,"Up","Up","Up","Down"
2012-07-11,"Up","Up","No Move","Down"
2012-07-10,"Up","Up","Up","Up"
2012-07-09,"Up","Up","No Move","Down"
2012-07-06,"Up","Up","Up","Up"
2012-07-05,"Up","Up","Up","Down"
2012-07-03,"Down","Down","Up","Down"
2012-07-02,"No Move","No Move","No Move","Down"
2012-06-29,"Down Large","Down Large","Down","Up"
2012-06-28,"Up","Up","Up","No Move"
2012-06-27,"Down","Down","Up","Down"
2012-06-26,"Down","Down","Down","Down"
2012-06-25,"Up","Up","Up","Up"
2012-06-22,"Down","Down","Down","Down"
2012-06-21,"Up Large","Up Large","Up","Up"
2012-06-20,"No Move","No Move","No Move","Down"
2012-06-19,"Down","Down","Down","Down"
2012-06-18,"Up","Up","No Move","Down"
2012-06-15,"Down","Down","No Move","Down"
2012-06-14,"Down","Down","Down","Up"
2012-06-13,"Up","Up","Up","Down"
2012-06-12,"Down","Down","Down","No Move"
2012-06-11,"Up","Up","No Move","Up"
2012-06-08,"Down","Down","No Move","Down"
2012-06-07,"Down","Down","Down","Down"
2012-06-06,"Down Large","Down Large","Up","Up"
2012-06-05,"Down","Down","No Move","Down"
2012-06-04,"Up","Up","Down","Down"
2012-06-01,"Up Large","Up Large","Up","Up"
2012-05-31,"Up","Up","Up","No Move"
2012-05-30,"Up","Up","Up","Up"
2012-05-29,"Down","Down","No Move","Down"
2012-05-25,"Up","Up","Down","Down"
2012-05-24,"Down","Down","Up","Down"
2012-05-23,"No Move","No Move","Up","Up"
2012-05-22,"No Move","No Move","Down","Down"
2012-05-21,"Down","Down","No Move","Down"
2012-05-18,"Up","Up","No Move","Down"
2012-05-17,"Up","Up","No Move","No Move"
2012-05-16,"Up","Up","Up Large","Down"
2012-05-15,"Up","Up","No Move","Down"
2012-05-14,"Up","Up","Up","No Move"
2012-05-11,"Up","Up","Up","Down"
2012-05-10,"Down","Down","Up","Down"
2012-05-09,"Up","Up","Up","No Move"
2012-05-08,"Up","Up","Up","Up"
2012-05-07,"Up","Up","Up","Down"
2012-05-04,"Up","Up","Up","Up"
2012-05-03,"Up","Up","Up","Down"
2012-05-02,"No Move","No Move","Up","Down"
2012-05-01,"Down","Down","No Move","No Move"
2012-04-30,"Up","Up","No Move","Down"
2012-04-27,"Down","Down","No Move","Down"
2012-04-26,"Down","Down","No Move","Down"
2012-04-25,"Down","Down","Up","Down"
2012-04-24,"Down","Down","No Move","Down"
2012-04-23,"Up","Up","Up","Up"
2012-04-20,"Down","Down","No Move","Down"
2012-04-19,"Up","Up","Up","Up"
2012-04-18,"Up","Up","Up","Down"
2012-04-17,"Down","Down","No Move","Up"
2012-04-16,"Down","Down","Down","Down"
2012-04-13,"Up","Up","No Move","Down"
2012-04-12,"Down","Down","Down","Up"
2012-04-11,"Down","Down","Down","Down"
2012-04-10,"Up Large","Up","No Move","Up"
2012-04-09,"Up","Up","Up","Down"
2012-04-05,"No Move","Up","Up","Down"
2012-04-04,"Up","Up","Up","No Move"
2012-04-03,"Up","Up","Up","Down"
2012-04-02,"Down","Down","No Move","Down"
2012-03-30,"Down","Down","Down","Down"
2012-03-29,"Down","Down","No Move","Down"
2012-03-28,"Up","Up","Up","Down"
2012-03-27,"Up","Up","No Move","Down"
2012-03-26,"Down","Down","Down","No Move"
2012-03-23,"Down","Down","No Move","Down"
2012-03-22,"Up","Up","No Move","Down"
2012-03-21,"Up","Up","No Move","Down"
2012-03-20,"Up","Up","No Move","Down"
2012-03-19,"No Move","No Move","No Move","Down"
2012-03-16,"Up","Up","Down","Down"
2012-03-15,"Down","Down","Up","Down"
2012-03-14,"Down","Down","No Move","Down"
2012-03-13,"Down Large","Down Large","Up","Up"
2012-03-12,"Down","Down","Up","Down"
2012-03-09,"No Move","No Move","No Move","Down"
2012-03-08,"Down","Down","Up","Down"
2012-03-07,"Down","Down","Up","Down"
2012-03-06,"Up","Up","Up","Up"
2012-03-05,"Up","Up","No Move","Down"
2012-03-02,"No Move","No Move","No Move","Down"
2012-03-01,"Down","Down","No Move","Down"
2012-02-29,"Up","Up","No Move","Down"
2012-02-28,"Down","Down","Up","Down"
2012-02-27,"No Move","No Move","Up","Down"
2012-02-24,"No Move","No Move","Up","Down"
2012-02-23,"Down","Down","Up","Down"
2012-02-22,"Up","Up","No Move","Down"
2012-02-21,"Down","Down","No Move","Down"
2012-02-17,"Down","Down","Up","Down"
2012-02-16,"Down","Down","Up","Down"
2012-02-15,"Up","Up","Up Large","Down"
2012-02-14,"No Move","No Move","Up","Down"
2012-02-13,"Down","Down","Up","Down"
2012-02-10,"Up","Up","Up","Down"
2012-02-09,"No Move","No Move","No Move","Down"
2012-02-08,"Down","No Move","Up Large","Down"
2012-02-07,"Down","Down","Up","Down"
2012-02-06,"Up","Up","Up","Down"
2012-02-03,"Down","Down","No Move","No Move"
2012-02-02,"No Move","No Move","No Move","Down"
2012-02-01,"Down","Down","No Move","Down"
2012-01-31,"Up","Up","Down","Down"
2012-01-30,"No Move","No Move","Up","Down"
2012-01-27,"Up","Up","No Move","Down"
2012-01-26,"Up","Up","Up","Down"
2012-01-25,"Down","Down","Up","Up"
2012-01-24,"Up","Up","No Move","Down"
2012-01-23,"No Move","No Move","No Move","Down"
2012-01-20,"Down","Down","No Move","Down"
2012-01-19,"Down","Down","Up","Down"
2012-01-18,"Down","Down","Up","Down"
2012-01-17,"Down","Down","Down","Down"
2012-01-13,"Up","Up","Up","No Move"
2012-01-12,"Down","Down","No Move","Down"
2012-01-11,"No Move","No Move","Up","Down"
2012-01-10,"Down","Down","Down","Down"
2012-01-09,"Down","Down","No Move","Down"
2012-01-06,"Up","Up","Up","Down"
2012-01-05,"No Move","No Move","No Move","Down"
2012-01-04,"Down","Down","Up","Down"
2012-01-03,"Down","Down","Down","Up"
2011-12-30,"Up","Up","Up","Down"
2011-12-29,"Down","Down","Down","Down"
2011-12-28,"Up","Up","Up","No Move"
2011-12-27,"No Move","No Move","No Move","Down"
2011-12-23,"Down","Down","No Move","Down"
2011-12-22,"Down","Down","No Move","Down"
2011-12-21,"No Move","No Move","No Move","Down"
2011-12-20,"Down Large","Down Large","Down","Up Large"
2011-12-19,"Up","Up","No Move","Up"
2011-12-16,"No Move","No Move","Down","Down"
2011-12-15,"Down","Down","Down","Down"
2011-12-14,"Up","Up","Up","No Move"
2011-12-13,"Up","Up","Up","Up"
2011-12-12,"Up","Up","Up","Up"
2011-12-09,"Down","Down","Up","Up"
2011-12-08,"Up","Up","No Move","Up"
2011-12-07,"Down","Down","Up","Up"
2011-12-06,"Down","Down","No Move","Down"
2011-12-05,"Down","Down","Down","No Move"
2011-12-02,"No Move","No Move","Down","Down"
2011-12-01,"Up","Up","No Move","Down"
2011-11-30,"Down Extreme","Down Extreme","Down","Up Large"
2011-11-29,"Down","Down","No Move","Down"
2011-11-28,"Down Large","Down Large","Down","Up"
2011-11-25,"Up","Up","Up","Down"
2011-11-23,"Up Large","Up Large","Up","Up"
2011-11-22,"Up","Up","Up","Down"
2011-11-21,"Up Large","Up Large","No Move","Up Large"
2011-11-18,"Down","Down","Up","Down"
2011-11-17,"Up","Up","No Move","Up"
2011-11-16,"Up","Up","Up Large","Up"
2011-11-15,"Down","Down","Up","No Move"
2011-11-14,"Up","Up","No Move","Down"
2011-11-11,"Down Large","Down Large","Down","Up"
2011-11-10,"Down","Down","Up","Up"
2011-11-09,"Up Large","Up Large","Up","Up Large"
2011-11-08,"Down","Down","Up Large","Up"
2011-11-07,"Down","Down","No Move","Up"
2011-11-04,"Up","Up","Up","Up"
2011-11-03,"Down","Down","No Move","Up"
2011-11-02,"Down","Down","No Move","Up"
2011-11-01,"Up Large","Up Large","Up","Up"
2011-10-31,"Up Large","Up Large","Up","Up"
2011-10-28,"Down","Down","Up","Down"
2011-10-27,"Down Large","Down Large","Down","Up Large"
2011-10-26,"Down","Down","Down","Up"
2011-10-25,"Up","Up","Up","Up"
2011-10-24,"Down","Down","Up","Down"
2011-10-21,"Down Large","Down Large","Down","Up"
2011-10-20,"Down","Down","Up","Up"
2011-10-19,"Up","Up","No Move","No Move"
2011-10-18,"Down","Down","Up","Up Large"
2011-10-17,"Up Large","Up Large","Up","Up"
2011-10-14,"Down","Down","Down","No Move"
2011-10-13,"Up","Up","Up","Down"
2011-10-12,"Down","Down","Down","Up"
2011-10-11,"Up","Up","No Move","Down"
2011-10-10,"Down Large","Down Large","Down","Up"
2011-10-07,"Up","Up","No Move","Up"
2011-10-06,"Down","Down","No Move","Up"
2011-10-05,"Down","Down","Up","Up"
2011-10-04,"Down","Down","Up","Up Large"
2011-10-03,"Up Large","Up Large","Up","Up"
2011-09-30,"Up Large","Up Large","Up","Up"
2011-09-29,"Down","Down","Down","Up"
2011-09-28,"Up","Up","Up","Up"
2011-09-27,"Down","Down","Down","Up"
2011-09-26,"Down Large","Down Large","No Move","Up"
2011-09-23,"Down","Down","Up","No Move"
2011-09-22,"Up Large","Up Large","Up","Up Extreme"
2011-09-21,"Up Large","Up Large","No Move","Up"
2011-09-20,"No Move","No Move","No Move","No Move"
2011-09-19,"Up","Up","Up","Up"
2011-09-16,"Down","Down","No Move","Down"
2011-09-15,"Down","Down","Down","Up"
2011-09-14,"Down","Down","Down","Up Large"
2011-09-13,"Down","Down","Up","Down"
2011-09-12,"Down","Down","Up","Up"
2011-09-09,"Up Large","Up Large","Up","Up Large"
2011-09-08,"Up","Up","No Move","Up"
2011-09-07,"Down Large","Down Large","Up","Up"
2011-09-06,"Up","Up","Up","Up"
2011-09-02,"Up Large","Up Large","Up","Up"
2011-09-01,"Up","Up","No Move","Up"
2011-08-31,"Down","Down","No Move","Up"
2011-08-30,"Down","Down","Up","Up"
2011-08-29,"Down Large","Down Large","Down","Up"
2011-08-26,"Down","Down","No Move","Up Large"
2011-08-25,"Up","Up","No Move","Up"
2011-08-24,"Down","Down","Up","Up"
2011-08-23,"Down Large","Down Large","No Move","Up"
2011-08-22,"Down","Down","Down","Up"
2011-08-19,"Up","Up","Up","Up"
2011-08-18,"Up Large","Up Large","Up","Up Extreme"
2011-08-17,"Down","No Move","Up Large","Up"
2011-08-16,"Up","Up","Up","Up"
2011-08-15,"Down Large","Down","Down","Up"
2011-08-12,"Down","Down","No Move","Up"
2011-08-11,"Down Large","Down Large","Down","Up Extreme"
2011-08-10,"Up Extreme","Up Extreme","Up Large","Up Extreme"
2011-08-09,"Down Extreme","Down Large","Down","Up Extreme"
2011-08-08,"Up Extreme","Up Extreme","Up","Up Extreme"
2011-08-05,"Down","Down","No Move","Up Large"
2011-08-04,"Up Extreme","Up Extreme","Up","Up Extreme"
2011-08-03,"Down","Down","Up","Up"
2011-08-02,"Up Large","Up Large","Up","Up"
2011-08-01,"No Move","No Move","Down","Up"
2011-07-29,"Up","Up","Up","No Move"
2011-07-28,"Up","Up","Up","No Move"
2011-07-27,"Up","Up","Up","Up"
2011-07-26,"Up","Up","No Move","Down"
2011-07-25,"Up","Up","Up","Down"
2011-07-22,"Up","Up","No Move","Down"
2011-07-21,"Down","Down","Up","Up"
2011-07-20,"No Move","Up","Up","Down"
2011-07-19,"Down","Down","Down","Up"
2011-07-18,"Up","Up","Up","No Move"
2011-07-15,"Down","Down","No Move","Down"
2011-07-14,"Up","Up","No Move","No Move"
2011-07-13,"Down","Down","No Move","No Move"
2011-07-12,"Up","Up","No Move","Down"
2011-07-11,"Up","Up","Up","Up"
2011-07-08,"Up","Up","Up","Down"
2011-07-07,"Down","Down","Down","Down"
2011-07-06,"Down","Down","Up","Down"
2011-07-05,"No Move","No Move","Up Large","Down"
2011-07-01,"Down","Down","No Move","Up"
2011-06-30,"Down","Down","Down","No Move"
2011-06-29,"Down","Down","Up","Down"
2011-06-28,"Down","Down","No Move","Down"
2011-06-27,"Down","Down","No Move","No Move"
2011-06-24,"Up","Up","Up","Down"
2011-06-23,"Up","Up","Up","Up"
2011-06-22,"Up","Up","No Move","Down"
2011-06-21,"Down","Down","Down","Down"
2011-06-20,"Down","Down","No Move","Down"
2011-06-17,"Down","Down","Down","Down"
2011-06-16,"Down","Down","Up","Down"
2011-06-15,"Up","Up","Up","Up"
2011-06-14,"Down","Down","Up","No Move"
2011-06-13,"No Move","No Move","Up","Down"
2011-06-10,"Up","Up","No Move","Up"
2011-06-09,"Down","Down","No Move","Down"
2011-06-08,"Up","Up","Up","Down"
2011-06-07,"Up","Up","No Move","Down"
2011-06-06,"Up","Up","No Move","Down"
2011-06-03,"Up","Up","Up","Down"
2011-06-02,"Up","Up","No Move","Down"
2011-06-01,"Up Large","Up Large","No Move","Up"
2011-05-31,"Down","Down","Down","Down"
2011-05-27,"Down","Down","Up","Down"
2011-05-26,"No Move","No Move","Up","Down"
2011-05-25,"Down","Down","Up","Down"
2011-05-24,"Up","Up","No Move","Down"
2011-05-23,"Up","Up","No Move","No Move"
2011-05-20,"Up","Up","No Move","Down"
2011-05-19,"Down","Down","Down","Down"
2011-05-18,"Down","Down","Up","Down"
2011-05-17,"Up","Up","Up","No Move"
2011-05-16,"Up","Up","Up","Down"
2011-05-13,"Up","Up","No Move","No Move"
2011-05-12,"Down","Down","No Move","Up"
2011-05-11,"Up","Up","Up Large","No Move"
2011-05-10,"Down","Down","No Move","Down"
2011-05-09,"Down","Down","Up","Down"
2011-05-06,"Down","Down","Up","No Move"
2011-05-05,"Up","Up","No Move","Up"
2011-05-04,"Up","Up","Up","Down"
2011-05-03,"No Move","No Move","Up","Down"
2011-05-02,"No Move","No Move","No Move","Down"
2011-04-29,"Down","Down","No Move","Down"
2011-04-28,"Down","Down","Up","Down"
2011-04-27,"Down","Down","Up","Down"
2011-04-26,"Down","Down","Down","Down"
2011-04-25,"Up","Up","No Move","Down"
2011-04-21,"Down","Down","No Move","Down"
2011-04-20,"Down","Down","No Move","Up"
2011-04-19,"Down","Down","No Move","Down"
2011-04-18,"Up","Up","Up","Up"
2011-04-15,"Down","Down","No Move","Down"
2011-04-14,"Down","No Move","Up","Down"
2011-04-13,"No Move","No Move","No Move","Down"
2011-04-12,"Up","Up","No Move","Down"
2011-04-11,"No Move","No Move","No Move","Down"
2011-04-08,"Up","Up","No Move","Down"
2011-04-07,"Up","Up","No Move","Down"
2011-04-06,"Down","Down","Up","Down"
2011-04-05,"No Move","No Move","Down","Down"
2011-04-04,"Down","Down","Up","Down"
2011-04-01,"Down","Down","Down","Down"
2011-03-31,"Up","Up","No Move","Down"
2011-03-30,"Down","Down","Down","Down"
2011-03-29,"Down","Down","Up","Down"
2011-03-28,"Up","Up","No Move","Down"
2011-03-25,"Down","Down","No Move","Down"
2011-03-24,"Down","Down","Down","Down"
2011-03-23,"Down","Down","No Move","Down"
2011-03-22,"Up","Up","No Move","Down"
2011-03-21,"Down","Down","Down","Up"
2011-03-18,"Down","Down","Down","Down"
2011-03-17,"Down","Down","Down","Up"
2011-03-16,"Up Large","Up Large","Up","Up"
2011-03-15,"Up","Up","Up","Up"
2011-03-14,"Up","Up","Up","Down"
2011-03-11,"Down","Down","Up","Down"
2011-03-10,"Up Large","Up Large","Up","Up"
2011-03-09,"No Move","No Move","Up","Down"
2011-03-08,"Down","Down","Up","No Move"
2011-03-07,"Up","Up","Down","Up"
2011-03-04,"Up","Up","No Move","Up"
2011-03-03,"Down","Down","Down","Up"
2011-03-02,"No Move","No Move","No Move","Down"
2011-03-01,"Up","Up","No Move","Up"
2011-02-28,"Down","Down","No Move","Down"
2011-02-25,"Down","Down","Up","Down"
2011-02-24,"Up","Up","Up","Down"
2011-02-23,"Up","Up","Up","No Move"
2011-02-22,"Up","Up","Up","Up"
2011-02-18,"Down","Down","No Move","Down"
2011-02-17,"Down","Down","No Move","Down"
2011-02-16,"Down","Down","Up","Down"
2011-02-15,"Up","Up","Up","Down"
2011-02-14,"No Move","No Move","Up","Down"
2011-02-11,"Down","Down","Up","Down"
2011-02-10,"No Move","No Move","No Move","Down"
2011-02-09,"No Move","No Move","Up","Down"
2011-02-08,"Down","Down","Up","Down"
2011-02-07,"Down","Down","No Move","Down"
2011-02-04,"Down","Down","No Move","Down"
2011-02-03,"Down","Down","Up","Down"
2011-02-02,"No Move","No Move","Up","Down"
2011-02-01,"Down","Down","No Move","No Move"
2011-01-31,"Down","Down","No Move","Down"
2011-01-28,"Up","Up","No Move","Up"
2011-01-27,"No Move","No Move","No Move","Down"
2011-01-26,"No Move","No Move","Down","Down"
2011-01-25,"No Move","No Move","No Move","Down"
2011-01-24,"Down","Down","Down","Down"
2011-01-21,"Down","Down","No Move","Down"
2011-01-20,"No Move","No Move","Up","Down"
2011-01-19,"No Move","No Move","Up","Down"
2011-01-18,"Down","Down","Up","Down"
2011-01-14,"Down","Down","No Move","Down"
2011-01-13,"Up","Up","Up","Down"
2011-01-12,"Down","Down","Down","Down"
2011-01-11,"Down","Down","Down","Down"
2011-01-10,"Up","Up","Up","Down"
2011-01-07,"Up","Up","No Move","Down"
2011-01-06,"Up","Up","Up","Down"
2011-01-05,"Down","Down","Up","Down"
2011-01-04,"Down","Down","No Move","Down"
2011-01-03,"Down","Down","No Move","Down"
2010-12-31,"No Move","No Move","No Move","Down"
2010-12-30,"Up","Up","No Move","Down"
2010-12-29,"No Move","No Move","Up","Down"
2010-12-28,"Down","Down","No Move","Down"
2010-12-27,"Up","Up","No Move","Down"
2010-12-23,"Down","No Move","No Move","Down"
2010-12-22,"Down","Down","Up","Down"
2010-12-21,"Down","Down","No Move","Down"
2010-12-20,"No Move","No Move","No Move","Down"
2010-12-17,"No Move","No Move","No Move","Down"
2010-12-16,"Down","Down","No Move","Down"
2010-12-15,"Up","Up","Up","Down"
2010-12-14,"Down","Down","No Move","Down"
2010-12-13,"Down","Down","Up","Down"
2010-12-10,"Down","Down","No Move","Down"
2010-12-09,"No Move","No Move","Up","Down"
2010-12-08,"Down","No Move","Up","Down"
2010-12-07,"No Move","No Move","Down","Down"
2010-12-06,"Up","Up","Up","Down"
2010-12-03,"Down","Down","No Move","Down"
2010-12-02,"Down","Down","No Move","Down"
2010-12-01,"Down Large","Down Large","Down","Up"
2010-11-30,"Up","Up","Up","Down"
2010-11-29,"Up","Up","Up","Down"
2010-11-26,"Up","Up","Up","Down"
2010-11-24,"Down","Down","Down","No Move"
2010-11-23,"Up","Up","Up","Up"
2010-11-22,"Up","Up","Up","Down"
2010-11-19,"Down","Down","No Move","Down"
2010-11-18,"Down","Down","Down","Up"
2010-11-17,"No Move","Up","Up","Down"
2010-11-16,"Up","Up","Up","Up"
2010-11-15,"No Move","No Move","Down","Down"
2010-11-12,"Up","Up","Up","Down"
2010-11-11,"Up","Up","Up Extreme","Down"
2010-11-10,"Down","No Move","Up","Down"
2010-11-09,"Up","Up","Up","Down"
2010-11-08,"Up","Up","Up","Down"
2010-11-05,"No Move","No Move","No Move","Down"
2010-11-04,"Down Large","Down Large","Down","Up"
2010-11-03,"Down","Down","Up","Down"
2010-11-02,"Down","Down","No Move","Down"
2010-11-01,"No Move","No Move","Down","Up"
2010-10-29,"No Move","No Move","Down","Down"
2010-10-28,"No Move","No Move","Down","Down"
2010-10-27,"Up","Up","Up","Down"
2010-10-26,"No Move","No Move","Up","Down"
2010-10-25,"Down","Down","Down","Down"
2010-10-22,"No Move","No Move","No Move","Down"
2010-10-21,"Down","Down","Up","Down"
2010-10-20,"Down","Down","Up","Up"
2010-10-19,"Up","Up","Up","Up"
2010-10-18,"Down","Down","No Move","Down"
2010-10-15,"Up","Up","Down","Down"
2010-10-14,"No Move","No Move","Down","Down"
2010-10-13,"Down","Down","Down","Down"
2010-10-12,"No Move","No Move","No Move","Down"
2010-10-11,"No Move","No Move","No Move","Down"
2010-10-08,"Down","Down","No Move","Down"
2010-10-07,"Up","Up","Down","Down"
2010-10-06,"Down","Down","Up","Down"
2010-10-05,"Down","Down","Down","Up"
2010-10-04,"Up","Up","Up","Down"
2010-10-01,"Down","Down","Down","Down"
2010-09-30,"Up","Up","Down","Up"
2010-09-29,"Up","Up","No Move","Down"
2010-09-28,"Down","Down","Up","No Move"
2010-09-27,"Up","Up","No Move","Down"
2010-09-24,"Down","Down","Down","Up"
2010-09-23,"Up","Up","Up","Down"
2010-09-22,"Up","Up","No Move","Down"
2010-09-21,"No Move","No Move","No Move","Down"
2010-09-20,"Down","Down","No Move","No Move"
2010-09-17,"No Move","No Move","No Move","Down"
2010-09-16,"Down","Down","Up","Down"
2010-09-15,"Down","Down","No Move","Down"
2010-09-14,"Up","Up","No Move","Down"
2010-09-13,"Down","Down","Up","Down"
2010-09-10,"Down","Down","No Move","Down"
2010-09-09,"Down","Down","Down","Down"
2010-09-08,"Down","Down","Up","Down"
2010-09-07,"Up","Up","Up","Down"
2010-09-03,"Down","Down","Down","Down"
2010-09-02,"Down","Down","No Move","Down"
2010-09-01,"Down Large","Down Large","Down","Up"
2010-08-31,"No Move","No Move","Up","Down"
2010-08-30,"Up","Up","Up","Down"
2010-08-27,"Down","Down","Up","Up"
2010-08-26,"Up","Up","No Move","Down"
2010-08-25,"Down","Down","No Move","No Move"
2010-08-24,"Up","Up","Up","Up"
2010-08-23,"Up","Up","Down","Down"
2010-08-20,"Up","Up","No Move","Down"
2010-08-19,"Up","Up","Up","Up"
2010-08-18,"Down","No Move","Up","Down"
2010-08-17,"Down","Down","Up","Up"
2010-08-16,"No Move","No Move","No Move","Down"
2010-08-13,"Up","Up","No Move","Down"
2010-08-12,"Up","Up","Up Large","Down"
2010-08-11,"Up Large","Up Large","Up Large","Up"
2010-08-10,"Up","Up","Up","Down"
2010-08-09,"Down","Down","Down","Down"
2010-08-06,"Up","Up","Up","Down"
2010-08-05,"No Move","No Move","Up","Down"
2010-08-04,"Down","Down","Up","Down"
2010-08-03,"Up","Up","No Move","Down"
2010-08-02,"Down","Down","Down","Up"
2010-07-30,"No Move","No Move","Up","No Move"
2010-07-29,"Up","Up","Down","Up"
2010-07-28,"Up","Up","No Move","Down"
2010-07-27,"No Move","No Move","No Move","Down"
2010-07-26,"Down","Down","No Move","Down"
2010-07-23,"Down","Down","Up","Down"
2010-07-22,"Down","Down","Down","Up"
2010-07-21,"Up","Up","Up","Up"
2010-07-20,"Down","Down","Up","Up"
2010-07-19,"Down","Down","No Move","Down"
2010-07-16,"Up Large","Up Large","Up","Up"
2010-07-15,"No Move","No Move","No Move","Down"
2010-07-14,"No Move","No Move","Down","Down"
2010-07-13,"Down","Down","Down","Up"
2010-07-12,"Down","Down","Down","Down"
2010-07-09,"Down","Down","No Move","Down"
2010-07-08,"Down","Down","Down","Down"
2010-07-07,"Down Large","Down Large","No Move","Up"
2010-07-06,"Down","Down","No Move","Up"
2010-07-02,"Up","Up","No Move","Down"
2010-07-01,"Up","Up","Up","No Move"
2010-06-30,"Up","Up","Up","Down"
2010-06-29,"Up Large","Up Large","Up","Up"
2010-06-28,"No Move","No Move","Up","Down"
2010-06-25,"No Move","No Move","No Move","Down"
2010-06-24,"Up","Up","Up","No Move"
2010-06-23,"No Move","No Move","No Move","Down"
2010-06-22,"Up","Up","No Move","Up"
2010-06-21,"No Move","No Move","Down","Up"
2010-06-18,"Down","Down","Down","Down"
2010-06-17,"Down","Down","No Move","Down"
2010-06-16,"No Move","No Move","No Move","Down"
2010-06-15,"Down Large","Down","Down","Up"
2010-06-14,"Up","Up","Down","Down"
2010-06-11,"Down","Down","Up","Down"
2010-06-10,"Down Large","Down Large","Down","Up"
2010-06-09,"Up","Up","Down","Up"
2010-06-08,"Down","Down","Up","Up"
2010-06-07,"Up","Up","No Move","No Move"
2010-06-04,"Up Large","Up Large","Up","Up Large"
2010-06-03,"No Move","No Move","Down","Down"
2010-06-02,"Down Large","Down Large","Down","Up"
2010-06-01,"Up","Up","Up","Up"
2010-05-28,"Up","Up","Up","No Move"
2010-05-27,"Down Large","Down Large","Up","Up"
2010-05-26,"Up","Up","Down","Up"
2010-05-25,"Up","Up","Up","Up"
2010-05-24,"Up","Up","No Move","Down"
2010-05-21,"Down","Down","Up","Up"
2010-05-20,"Up Large","Up Large","Up","Up Large"
2010-05-19,"Up","Up","Up","Up"
2010-05-18,"Up","Up","No Move","Up"
2010-05-17,"No Move","No Move","Up","Up"
2010-05-14,"Up","Up","Up","Up"
2010-05-13,"Up","Up","No Move","Down"
2010-05-12,"Down","Down","Up","No Move"
2010-05-11,"Up","Up","Up","Up"
2010-05-10,"Down Large","Down Large","Down","Up Large"
2010-05-07,"Up","Up","Up","Up Large"
2010-05-06,"Up Large","Up Large","Down","Up Extreme"
2010-05-05,"Up","Up","Up","Down"
2010-05-04,"Up Large","Up Large","Up","Up"
2010-05-03,"Down","Down","Down","No Move"
2010-04-30,"Up","Up","Down","Up"
2010-04-29,"Down","Down","No Move","Down"
2010-04-28,"Down","Down","Up","Down"
2010-04-27,"Up","Up","Up","Up"
2010-04-26,"No Move","No Move","Down","Down"
2010-04-23,"Down","Down","Up","Down"
2010-04-22,"Down","No Move","Up","Down"
2010-04-21,"No Move","No Move","No Move","Down"
2010-04-20,"Down","Down","Down","Down"
2010-04-19,"Down","Down","No Move","Down"
2010-04-16,"Up","Up","Up","Up"
2010-04-15,"Down","Down","No Move","Down"
2010-04-14,"Down","Down","Down","Down"
2010-04-13,"No Move","No Move","Down","Down"
2010-04-12,"No Move","No Move","No Move","Down"
2010-04-09,"Down","Down","No Move","Down"
2010-04-08,"Down","Down","No Move","Down"
2010-04-07,"Up","Up","Up","Down"
2010-04-06,"No Move","No Move","Up","Down"
2010-04-05,"Down","Down","No Move","Down"
2010-04-01,"Down","Down","No Move","Down"
2010-03-31,"Up","Up","No Move","Down"
2010-03-30,"No Move","No Move","Up","Down"
2010-03-29,"Down","Down","Up","Down"
2010-03-26,"No Move","No Move","No Move","Down"
2010-03-25,"No Move","No Move","Down","Down"
2010-03-24,"Up","Up","Up","Down"
2010-03-23,"Down","Down","Down","Down"
2010-03-22,"Down","Down","Up","Down"
2010-03-19,"Up","Up","Down","Down"
2010-03-18,"Down","Down","No Move","Down"
2010-03-17,"Down","Down","No Move","Down"
2010-03-16,"Down","Down","No Move","Down"
2010-03-15,"Down","Down","Up","Down"
2010-03-12,"No Move","No Move","No Move","Down"
2010-03-11,"Down","Down","Up","Down"
2010-03-10,"No Move","No Move","Up","Down"
2010-03-09,"No Move","No Move","No Move","Down"
2010-03-08,"No Move","No Move","Up","Down"
2010-03-05,"Down","Down","Down","Down"
2010-03-04,"Down","Down","No Move","Down"
2010-03-03,"No Move","No Move","No Move","Down"
2010-03-02,"No Move","No Move","No Move","Down"
2010-03-01,"Down","Down","Down","Down"
2010-02-26,"No Move","No Move","No Move","Down"
2010-02-25,"Up","Up","Up","Up"
2010-02-24,"Down","Down","Down","Down"
2010-02-23,"Up","Up","No Move","Down"
2010-02-22,"Up","Up","No Move","Down"
2010-02-19,"Down","No Move","Up","Down"
2010-02-18,"Down","Down","No Move","Down"
2010-02-17,"Down","Down","Up","Down"
2010-02-16,"Down","Down","Down","No Move"
2010-02-12,"Up","Up","Up","Down"
2010-02-11,"Down","Down","No Move","Up"
2010-02-10,"Up","Up","Up","Down"
2010-02-09,"Down","Down","Down","Up"
2010-02-08,"Up","Up","Up","Down"
2010-02-05,"No Move","No Move","Down","Up"
2010-02-04,"Up Large","Up Large","Down","Up"
2010-02-03,"Up","Up","Up","Down"
2010-02-02,"Down","Down","No Move","Down"
2010-02-01,"Down","Down","Down","Down"
2010-01-29,"Up","Up","Down","Up"
2010-01-28,"Up","Up","Down","Up"
2010-01-27,"Down","Down","No Move","Down"
2010-01-26,"No Move","No Move","Up","Down"
2010-01-25,"Down","Down","Down","Down"
2010-01-22,"Up Large","Up Large","No Move","Up"
2010-01-21,"Up Large","Up","Down","Up"
2010-01-20,"Up","Up","Up","Up"
2010-01-19,"Down","Down","Up","Down"
2010-01-15,"Up","Up","Up","Down"
2010-01-14,"Down","Down","No Move","Down"
2010-01-13,"Down","Down","Down","Down"
2010-01-12,"Up","Up","Up","Down"
2010-01-11,"Down","Down","Down","Down"
2010-01-08,"No Move","No Move","No Move","Down"
2010-01-07,"Down","Down","Up","Down"
2010-01-06,"No Move","No Move","Up","Down"
2010-01-05,"No Move","No Move","No Move","Down"
2010-01-04,"Down","Down","Down","No Move"
2009-12-31,"Up","Up","No Move","Down"
2009-12-30,"No Move","No Move","Up","Down"
2009-12-29,"No Move","No Move","Down","Down"
2009-12-28,"Down","Down","Up","Down"
2009-12-24,"Down","Down","No Move","Down"
2009-12-23,"No Move","No Move","No Move","Down"
2009-12-22,"Down","Down","No Move","Down"
2009-12-21,"Down","Down","Down","Down"
2009-12-18,"Down","Down","Down","Down"
2009-12-17,"Up","Up","Up","Down"
2009-12-16,"No Move","No Move","Up","Down"
2009-12-15,"Up","Up","Up","Down"
2009-12-14,"Down","Down","No Move","Down"
2009-12-11,"Down","Down","Up","Down"
2009-12-10,"Down","Down","Up","Down"
2009-12-09,"Down","Down","Up","Down"
2009-12-08,"Up","Up","Up","Down"
2009-12-07,"No Move","No Move","Up","Down"
2009-12-04,"Down","Down","Down","Up"
2009-12-03,"Up","Up","Down","No Move"
2009-12-02,"Up","Up","Up","Down"
2009-12-01,"Down","Down","Up","No Move"
2009-11-30,"Down","Down","No Move","Down"
2009-11-27,"Up","Up","Up Large","Up"
2009-11-25,"Down","Down","Up","Down"
2009-11-24,"Up","Up","No Move","Down"
2009-11-23,"Down","Down","Down","No Move"
2009-11-20,"No Move","No Move","Up","Down"
2009-11-19,"Up","Up","Up","No Move"
2009-11-18,"No Move","No Move","Up Large","Down"
2009-11-17,"Down","Down","Up","Down"
2009-11-16,"Down","Down","Up","No Move"
2009-11-13,"Down","Down","No Move","Down"
2009-11-12,"Up","Up","Up","Down"
2009-11-11,"Down","Down","No Move","Down"
2009-11-10,"Down","Down","Up","Down"
2009-11-09,"Down","Down","Up","Up"
2009-11-06,"Down","Down","Up","Down"
2009-11-05,"Down","Down","Down","Up"
2009-11-04,"Down","Down","Up","No Move"
2009-11-03,"Up","Up","Up","Down"
2009-11-02,"Down","Down","No Move","Up"
2009-10-30,"Up Large","Up Large","Up","Up"
2009-10-29,"Down","Down","No Move","Up"
2009-10-28,"Up","Up","Up","Down"
2009-10-27,"No Move","No Move","No Move","Down"
2009-10-26,"Up","Up","No Move","Up"
2009-10-23,"Up","Up","Down Large","No Move"
2009-10-22,"Down","Down","Up","Up"
2009-10-21,"Up","Up","Up","No Move"
2009-10-20,"Up","Up","No Move","Down"
2009-10-19,"Down","Down","Down","Down"
2009-10-16,"Up","Up","Up","Down"
2009-10-15,"Down","Down","Up","Down"
2009-10-14,"Down","Down","Down","Down"
2009-10-13,"No Move","Up","Up","Down"
2009-10-12,"Down","Down","No Move","Down"
2009-10-09,"Down","Down","Up","Down"
2009-10-08,"Down","Down","Down","Down"
2009-10-07,"No Move","No Move","Up","Down"
2009-10-06,"Down","Down","Down","No Move"
2009-10-05,"Down","Down","Down","Down"
2009-10-02,"Up","Up","Up","Down"
2009-10-01,"Up","Up","No Move","Up"
2009-09-30,"Up","Up","No Move","No Move"
2009-09-29,"Up","Up","No Move","Down"
2009-09-28,"Down","Down","Up","No Move"
2009-09-25,"Up","Up","Up","Down"
2009-09-24,"Up","Up","Down","Down"
2009-09-23,"Up","Up","Down","No Move"
2009-09-22,"Down","Down","Down","Down"
2009-09-21,"Up","Up","Up","Down"
2009-09-18,"Down","Down","Down","Down"
2009-09-17,"No Move","No Move","Up","Down"
2009-09-16,"Down","Down","No Move","Down"
2009-09-15,"Down","Down","No Move","Down"
2009-09-14,"Down","Down","Up","Down"
2009-09-11,"Up","Up","Up","Down"
2009-09-10,"Down","Down","No Move","Down"
2009-09-09,"Down","Down","Up","Down"
2009-09-08,"Down","Down","Up","Down"
2009-09-04,"Down","Down","Down","Down"
2009-09-03,"Down","Down","Down","Down"
2009-09-02,"Up","Up","Up","Down"
2009-09-01,"Up","Up","Up","Up"
2009-08-31,"Up","Up","Up","Down"
2009-08-28,"Up","Up","Down","Down"
2009-08-27,"Down","Down","Up","Down"
2009-08-26,"No Move","No Move","No Move","Down"
2009-08-25,"Down","Down","No Move","Down"
2009-08-24,"No Move","No Move","No Move","Down"
2009-08-21,"Down","Down","Up","No Move"
2009-08-20,"Down","Down","No Move","Down"
2009-08-19,"Down","Down","Up","Up"
2009-08-18,"Down","Down","Up","Down"
2009-08-17,"Up","Up","Up","Up"
2009-08-14,"Up","Up","No Move","No Move"
2009-08-13,"Down","Down","No Move","Down"
2009-08-12,"Down","Down","Up","Up"
2009-08-11,"Up","Up","Up","Down"
2009-08-10,"Up","Up","Up","Down"
2009-08-07,"Down","Down","Down","No Move"
2009-08-06,"Up","Up","Up","Down"
2009-08-05,"Up","Up","Up","Down"
2009-08-04,"Down","Down","Up","Down"
2009-08-03,"Down","Down","Down","Down"
2009-07-31,"Down","Down","No Move","Down"
2009-07-30,"Down","Down","Down","No Move"
2009-07-29,"Up","Up","Up","Down"
2009-07-28,"No Move","No Move","Up","Down"
2009-07-27,"Down","Down","No Move","Down"
2009-07-24,"Down","Down","Up","Down"
2009-07-23,"Down","Down","Down","Up"
2009-07-22,"Up","Up","Up","Down"
2009-07-21,"Down","Down","No Move","Down"
2009-07-20,"Down","Down","Down","Down"
2009-07-17,"Down","Down","No Move","Down"
2009-07-16,"Down","Down","Up","Down"
2009-07-15,"Down Large","Down Large","Down","Up"
2009-07-14,"Down","Down","No Move","Down"
2009-07-13,"Down","Down","No Move","Up"
2009-07-10,"Up","Up","No Move","Down"
2009-07-09,"No Move","No Move","No Move","Down"
2009-07-08,"Down","Down","No Move","Down"
2009-07-07,"Up","Up","No Move","No Move"
2009-07-06,"Down","Down","No Move","Down"
2009-07-02,"Up Large","Up Large","Up","Up"
2009-07-01,"Down","Down","No Move","Down"
2009-06-30,"Up","Up","No Move","No Move"
2009-06-29,"Down","Down","Down","Down"
2009-06-26,"Up","Up","Up","Down"
2009-06-25,"Down","Down","No Move","Up"
2009-06-24,"Up","Up","No Move","No Move"
2009-06-23,"Up","Up","Down","Down"
2009-06-22,"Up","Up","Up","Up"
2009-06-19,"Up","Up","Down","Down"
2009-06-18,"Down","Down","No Move","Down"
2009-06-17,"No Move","No Move","No Move","Down"
2009-06-16,"Up","Up","No Move","Down"
2009-06-15,"Up","Up","Up","Up"
2009-06-12,"Down","Down","Up","Down"
2009-06-11,"Down","Down","Up","Down"
2009-06-10,"Up","Up","No Move","Up"
2009-06-09,"No Move","No Move","No Move","Down"
2009-06-08,"No Move","No Move","Up","Up"
2009-06-05,"No Move","No Move","Down","Down"
2009-06-04,"Down","Down","No Move","Down"
2009-06-03,"Up","Up","Up","Down"
2009-06-02,"Down","Down","No Move","Down"
2009-06-01,"Down Large","Down Large","Down","Up"
2009-05-29,"Down","Down","No Move","Down"
2009-05-28,"Down","Down","No Move","Up"
2009-05-27,"Up","Up","No Move","Up"
2009-05-26,"Down","Down","No Move","Up"
2009-05-22,"Up","Up","No Move","Down"
2009-05-21,"Up","Up","Up","Up"
2009-05-20,"Up","Up","Up","Up"
2009-05-19,"Up","Up","Up","Down"
2009-05-18,"Down Large","Down Large","Down","Up"
2009-05-15,"Up","Up","Up","No Move"
2009-05-14,"Down","Down","Down","Down"
2009-05-13,"Up","Up","Up","Up"
2009-05-12,"Down","Down","No Move","Down"
2009-05-11,"Up","Up","Up","No Move"
2009-05-08,"Down","Down","Down","No Move"
2009-05-07,"Up","Up","No Move","Up"
2009-05-06,"Down","Down","Up","Down"
2009-05-05,"Up","Up","Up","Down"
2009-05-04,"Down Large","Down","Down","Up"
2009-05-01,"Down","Down","No Move","Down"
2009-04-30,"Up","Up","Down","No Move"
2009-04-29,"Down","Down","Down","Up"
2009-04-28,"No Move","No Move","Up","Down"
2009-04-27,"Up","Up","Up","Down"
2009-04-24,"Down","Down","No Move","No Move"
2009-04-23,"Down","Down","No Move","No Move"
2009-04-22,"Up","Up","Up","No Move"
2009-04-21,"Down","Down","No Move","Up"
2009-04-20,"Up Large","Up Large","Up","Up"
2009-04-17,"No Move","No Move","No Move","Down"
2009-04-16,"Down","Down","No Move","Up"
2009-04-15,"Down","Down","Up","No Move"
2009-04-14,"Up","Up","No Move","Down"
2009-04-13,"Up","Up","Up","Down"
2009-04-09,"Down Large","Down Large","Down","Up"
2009-04-08,"Down","Down","Up","Down"
2009-04-07,"Up","Up","Up","Up"
2009-04-06,"Up","Up","Up","Down"
2009-04-03,"Down","Down","Down","Down"
2009-04-02,"Down Large","Down Large","Down","Up"
2009-04-01,"Down","Down","Up","Up"
2009-03-31,"Down","Down","Down","Up"
2009-03-30,"Up Large","Up Large","Up","Up"
2009-03-27,"Up","Up","Up","Up"
2009-03-26,"Down","Down","Down","No Move"
2009-03-25,"Down","Down","No Move","Up"
2009-03-24,"Up","Up","Up","Down"
2009-03-23,"Down Extreme","Down Extreme","Down","Up Large"
2009-03-20,"Up","Up","Down","Up"
2009-03-19,"Up","Up","Down","No Move"
2009-03-18,"Down","Down","No Move","Up"
2009-03-17,"Down","Down","Down","Up"
2009-03-16,"No Move","No Move","Down","Up"
2009-03-13,"Down","Down","Up","Down"
2009-03-12,"Down Large","Down Large","Down","Up"
2009-03-11,"No Move","No Move","Up","Down"
2009-03-10,"Down Large","Down Large","No Move","Up Large"
2009-03-09,"Up","Up","Up","Up"
2009-03-06,"Down","Down","No Move","Up"
2009-03-05,"Up Large","Up Large","Up","Up"
2009-03-04,"Down","Down","No Move","Up"
2009-03-03,"Up","Up","Down","Down"
2009-03-02,"Up Large","Up Large","Up","Up"
2009-02-27,"Up","Up","Up","No Move"
2009-02-26,"Up","Up","Up","Up"
2009-02-25,"Up","Up","Up","Up"
2009-02-24,"Down Large","Down Large","No Move","Up"
2009-02-23,"Up Large","Up Large","No Move","Up"
2009-02-20,"Up","Up","Up","Up"
2009-02-19,"Up","Up","No Move","No Move"
2009-02-18,"No Move","No Move","Up","Down"
2009-02-17,"Up Large","Up Large","Up","Up"
2009-02-13,"Up","Up","No Move","Down"
2009-02-12,"No Move","No Move","Up","Up"
2009-02-11,"Down","Down","Up","Down"
2009-02-10,"Up Large","Up Large","Up","Up Large"
2009-02-09,"No Move","No Move","Down","Down"
2009-02-06,"Down Large","Down Large","Up","Up"
2009-02-05,"Down","Down","Up","Up"
2009-02-04,"Up","Up","Up","Up"
2009-02-03,"Down","Down","No Move","Up"
2009-02-02,"Up","Up","No Move","Down"
2009-01-30,"Up","Up","No Move","Up"
2009-01-29,"Up Large","Up Large","Up","Up"
2009-01-28,"Down","Down","Down","Up"
2009-01-27,"Down","Down","Down","Down"
2009-01-26,"Down","Down","No Move","Up"
2009-01-23,"Up","Up","Up Large","Up"
2009-01-22,"Up","Up","Up","Up"
2009-01-21,"Down Large","Down Large","No Move","Up"
2009-01-20,"Up Large","Up Large","Up","Up Large"
2009-01-16,"Down","Down","Down","Up"
2009-01-15,"Down","No Move","Up","Up"
2009-01-14,"Up Large","Up Large","Up","Up"
2009-01-13,"Up","Up","No Move","Down"
2009-01-12,"Up","Up","No Move","Up"
2009-01-09,"Up","Up","Up","Up"
2009-01-08,"Up","Up","No Move","Down"
2009-01-07,"Up Large","Up Large","Up Large","Up"
2009-01-06,"Down","Down","Down","Down"
2009-01-05,"Up","Up","Up","Down"
2009-01-02,"Down Large","Down Large","Up","Up"
2008-12-31,"Down","Down","Up","No Move"
2008-12-30,"Down","Down","Down","Up"
2008-12-29,"Up","Up","No Move","No Move"
2008-12-26,"Down","Down","No Move","Down"
2008-12-24,"Down","Down","Up","Down"
2008-12-23,"Up","Up","Up","Up"
2008-12-22,"Up","Up","Up","Up"
2008-12-19,"Up","Up","Down","Up"
2008-12-18,"Up Large","Up Large","No Move","Up Large"
2008-12-17,"Up","Up","Up","Up"
2008-12-16,"Down Large","Down Large","Down","Up Large"
2008-12-15,"Up","Up","Up","Up"
2008-12-12,"Down","Down","Up","Up"
2008-12-11,"Up","Up","Up Large","Up"
2008-12-10,"Down","Down","Down","Up"
2008-12-09,"Up Large","Up Large","No Move","Up"
2008-12-08,"Down Large","Down Large","Down","Up Large"
2008-12-05,"Down Large","Down Large","No Move","Up Extreme"
2008-12-04,"Up","Up Large","Up","Up Large"
2008-12-03,"Down","Down","Up","Up Large"
2008-12-02,"Down Large","Down Large","Down","Up"
2008-12-01,"Up Extreme","Up Extreme","Up","Up Extreme"
2008-11-28,"Down","Down","Up","No Move"
2008-11-26,"Down Large","Down Large","Up Large","Up Large"
2008-11-25,"Down","Down","Down","Up"
2008-11-24,"Down Large","Down Large","Down","Up Extreme"
2008-11-21,"Down Extreme","Down Extreme","No Move","Up Extreme"
2008-11-20,"Up Extreme","Up Extreme","Up","Up Extreme"
2008-11-19,"Up Large","Up Large","Up","Up Extreme"
2008-11-18,"Down","Down","No Move","Up Large"
2008-11-17,"Up Large","Up Large","Up","Up"
2008-11-14,"Up Large","Up Large","Up Large","Up Large"
2008-11-13,"Down Extreme","Down Extreme","Up","Up Extreme"
2008-11-12,"Up Large","Up Large","Up","Up Large"
2008-11-11,"Up","Up","Up","Up"
2008-11-10,"Up","Up","Down","Up Large"
2008-11-07,"Down Large","Down Large","No Move","Up"
2008-11-06,"Up Extreme","Up Extreme","Up","Up Extreme"
2008-11-05,"Up Extreme","Up Extreme","Up","Up Extreme"
2008-11-04,"Down Large","Down Large","Down","Up"
2008-11-03,"No Move","No Move","Down","Down"
2008-10-31,"Down","Down","Up","Up"
2008-10-30,"Down","Down","Down Large","Up"
2008-10-29,"Up","Up","Up","Up Large"
2008-10-28,"Down Extreme","Down Extreme","Down","Up Extreme"
2008-10-27,"Up","Up","Up","Up Large"
2008-10-24,"Up Large","Up Large","Up","Up Large"
2008-10-23,"Down","Down","No Move","Up Extreme"
2008-10-22,"Up Extreme","Up Extreme","Up","Up Extreme"
2008-10-21,"Up Large","Up Large","Up","Up"
2008-10-20,"Down Large","Down Large","No Move","Up Large"
2008-10-17,"Up","Up","Up","Up Extreme"
2008-10-16,"Down Large","Down Large","Up","Up Extreme"
2008-10-15,"Up Extreme","Up Extreme","Up","Up Extreme"
2008-10-14,"Up","Up","Down","Up Extreme"
2008-10-13,"Down Extreme","Down Extreme","Down Large","Up Extreme"
2008-10-10,"Up","Up","Up","Up Extreme"
2008-10-09,"Up Extreme","Up Extreme","Down","Up Extreme"
2008-10-08,"Up","Up","Up","Up Large"
2008-10-07,"Up Extreme","Up Extreme","No Move","Up Extreme"
2008-10-06,"Up Large","Up Large","Up","Up Extreme"
2008-10-03,"Up","Up","Down","Up Large"
2008-10-02,"Up Large","Up Large","Up","Up Large"
2008-10-01,"Up","Up","Up","Up"
2008-09-30,"Down Extreme","Down Extreme","Down","Up Large"
2008-09-29,"Up Extreme","Up Extreme","Up","Up Extreme"
2008-09-26,"Down","Down","Up","Up"
2008-09-25,"Down","Down","Down","Up"
2008-09-24,"Up","Up","Up","No Move"
2008-09-23,"Up","Up","No Move","Up"
2008-09-22,"Up Large","Up Large","Down","Up Large"
2008-09-19,"Down Large","Down Large","Down","Up Large"
2008-09-18,"Down Large","Down Large","No Move","Up Extreme"
2008-09-17,"Up Extreme","Up Extreme","Up","Up Large"
2008-09-16,"Down","Down","Up Large","Up Large"
2008-09-15,"Up Extreme","Up Extreme","Up","Up Large"
2008-09-12,"No Move","No Move","Up","No Move"
2008-09-11,"Down","Down","Up","Up Large"
2008-09-10,"Down","Down","Down","No Move"
2008-09-09,"Up Large","Up Large","Down","Up Large"
2008-09-08,"Down Large","Down Large","Down","Up Large"
2008-09-05,"Down","Down","Up","Up"
2008-09-04,"Up Large","Up Large","No Move","Up Large"
2008-09-03,"Down","Down","Up","Down"
2008-09-02,"Up","Up","Down","Up"
2008-08-29,"Up","Up","Up","No Move"
2008-08-28,"Down Large","Down","Up","Up"
2008-08-27,"Down","Down","No Move","No Move"
2008-08-26,"Down","Down","Up","Down"
2008-08-25,"Up Large","Up Large","Up","Up"
2008-08-22,"Down","Down","Up","Up"
2008-08-21,"Down","No Move","Up","No Move"
2008-08-20,"Down","Down","Up","No Move"
2008-08-19,"Up","Up","Up","No Move"
2008-08-18,"Up","Up","No Move","Up"
2008-08-15,"Down","Down","Up","Down"
2008-08-14,"Down","Down","Up","Up"
2008-08-13,"Up","Up","Up","Up"
2008-08-12,"Up","Up","No Move","Up"
2008-08-11,"Down","Down","Up","Up"
2008-08-08,"Down","Down","Up","Down"
